ID,trial,day,t_point,bkgrd,of_loc,shelter,sex,mass,mass_sc,trial_series,t_point_sc
1,1,2016-08-09,1,Light,Outer,No,Male,1182.9,0.3892876116976006,1-1,-1.6218615177038684
1,1,2016-08-09,2,Dark,Inner,No,Male,1182.9,0.3892876116976006,1-1,-1.4744195615489712
1,1,2016-08-09,3,Dark,Outer,No,Male,1182.9,0.3892876116976006,1-1,-1.3269776053940743
1,1,2016-08-09,4,Dark,Inner,No,Male,1182.9,0.3892876116976006,1-1,-1.179535649239177
1,1,2016-08-09,5,Dark,Outer,No,Male,1182.9,0.3892876116976006,1-1,-1.03209369308428
1,1,2016-08-09,6,Dark,Inner,No,Male,1182.9,0.3892876116976006,1-1,-0.8846517369293828
1,1,2016-08-09,7,Light,Outer,No,Male,1182.9,0.3892876116976006,1-1,-0.7372097807744856
1,1,2016-08-09,8,Dark,Outer,No,Male,1182.9,0.3892876116976006,1-1,-0.5897678246195885
1,1,2016-08-09,9,Dark,Inner,No,Male,1182.9,0.3892876116976006,1-1,-0.4423258684646914
1,1,2016-08-09,10,Dark,Inner,No,Male,1182.9,0.3892876116976006,1-1,-0.29488391230979427
1,1,2016-08-09,11,Dark,Outer,No,Male,1182.9,0.3892876116976006,1-1,-0.14744195615489714
1,1,2016-08-09,12,Dark,Inner,No,Male,1182.9,0.3892876116976006,1-1,0
1,1,2016-08-09,13,Dark,Inner,No,Male,1182.9,0.3892876116976006,1-1,0.14744195615489714
1,1,2016-08-09,14,Dark,Inner,No,Male,1182.9,0.3892876116976006,1-1,0.29488391230979427
1,1,2016-08-09,15,Dark,Outer,No,Male,1182.9,0.3892876116976006,1-1,0.4423258684646914
1,1,2016-08-09,16,Dark,Inner,No,Male,1182.9,0.3892876116976006,1-1,0.5897678246195885
1,1,2016-08-09,17,Dark,Inner,No,Male,1182.9,0.3892876116976006,1-1,0.7372097807744856
1,1,2016-08-09,18,Dark,Inner,No,Male,1182.9,0.3892876116976006,1-1,0.8846517369293828
1,1,2016-08-09,19,Dark,Outer,No,Male,1182.9,0.3892876116976006,1-1,1.03209369308428
1,1,2016-08-09,20,Dark,Outer,No,Male,1182.9,0.3892876116976006,1-1,1.179535649239177
1,1,2016-08-09,21,Dark,Outer,No,Male,1182.9,0.3892876116976006,1-1,1.3269776053940743
1,1,2016-08-09,22,Light,Outer,No,Male,1182.9,0.3892876116976006,1-1,1.4744195615489712
1,1,2016-08-09,23,Dark,Inner,No,Male,1182.9,0.3892876116976006,1-1,1.6218615177038684
2,1,2016-08-29,1,Dark,Inner,No,Male,1096.5,-0.42098580797651974,2-1,-1.6218615177038684
2,1,2016-08-29,2,Dark,Inner,No,Male,1096.5,-0.42098580797651974,2-1,-1.4744195615489712
2,1,2016-08-29,3,Light,Outer,No,Male,1096.5,-0.42098580797651974,2-1,-1.3269776053940743
2,1,2016-08-29,4,Dark,Outer,No,Male,1096.5,-0.42098580797651974,2-1,-1.179535649239177
2,1,2016-08-29,5,Dark,Inner,No,Male,1096.5,-0.42098580797651974,2-1,-1.03209369308428
2,1,2016-08-29,6,Light,Outer,No,Male,1096.5,-0.42098580797651974,2-1,-0.8846517369293828
2,1,2016-08-29,7,Light,Inner,No,Male,1096.5,-0.42098580797651974,2-1,-0.7372097807744856
2,1,2016-08-29,8,Dark,Outer,No,Male,1096.5,-0.42098580797651974,2-1,-0.5897678246195885
2,1,2016-08-29,9,Dark,Inner,No,Male,1096.5,-0.42098580797651974,2-1,-0.4423258684646914
2,1,2016-08-29,10,Dark,Inner,No,Male,1096.5,-0.42098580797651974,2-1,-0.29488391230979427
2,1,2016-08-29,11,Dark,Inner,Yes,Male,1096.5,-0.42098580797651974,2-1,-0.14744195615489714
2,1,2016-08-29,12,Dark,Outer,No,Male,1096.5,-0.42098580797651974,2-1,0
2,1,2016-08-29,13,Dark,Inner,No,Male,1096.5,-0.42098580797651974,2-1,0.14744195615489714
2,1,2016-08-29,14,Dark,Inner,No,Male,1096.5,-0.42098580797651974,2-1,0.29488391230979427
2,1,2016-08-29,15,Light,Outer,No,Male,1096.5,-0.42098580797651974,2-1,0.4423258684646914
2,1,2016-08-29,16,Dark,Outer,No,Male,1096.5,-0.42098580797651974,2-1,0.5897678246195885
2,1,2016-08-29,17,Dark,Inner,No,Male,1096.5,-0.42098580797651974,2-1,0.7372097807744856
2,1,2016-08-29,18,Dark,Outer,No,Male,1096.5,-0.42098580797651974,2-1,0.8846517369293828
2,1,2016-08-29,19,Dark,Outer,No,Male,1096.5,-0.42098580797651974,2-1,1.03209369308428
2,1,2016-08-29,20,Dark,Outer,No,Male,1096.5,-0.42098580797651974,2-1,1.179535649239177
2,1,2016-08-29,21,Dark,Outer,No,Male,1096.5,-0.42098580797651974,2-1,1.3269776053940743
2,1,2016-08-29,22,Dark,Outer,No,Male,1096.5,-0.42098580797651974,2-1,1.4744195615489712
2,1,2016-08-29,23,Dark,Outer,No,Male,1096.5,-0.42098580797651974,2-1,1.6218615177038684
3,1,2016-08-10,1,Light,Inner,No,Female,1131.7,-0.09087441477595211,3-1,-1.6218615177038684
3,1,2016-08-10,2,Light,Inner,No,Female,1131.7,-0.09087441477595211,3-1,-1.4744195615489712
3,1,2016-08-10,3,Dark,Outer,No,Female,1131.7,-0.09087441477595211,3-1,-1.3269776053940743
3,1,2016-08-10,4,Dark,Inner,No,Female,1131.7,-0.09087441477595211,3-1,-1.179535649239177
3,1,2016-08-10,5,Dark,Inner,Yes,Female,1131.7,-0.09087441477595211,3-1,-1.03209369308428
3,1,2016-08-10,6,Dark,Inner,Yes,Female,1131.7,-0.09087441477595211,3-1,-0.8846517369293828
3,1,2016-08-10,7,Dark,Inner,Yes,Female,1131.7,-0.09087441477595211,3-1,-0.7372097807744856
3,1,2016-08-10,8,Dark,Inner,No,Female,1131.7,-0.09087441477595211,3-1,-0.5897678246195885
3,1,2016-08-10,9,Dark,Inner,No,Female,1131.7,-0.09087441477595211,3-1,-0.4423258684646914
3,1,2016-08-10,10,Dark,Inner,No,Female,1131.7,-0.09087441477595211,3-1,-0.29488391230979427
3,1,2016-08-10,11,Dark,Inner,No,Female,1131.7,-0.09087441477595211,3-1,-0.14744195615489714
3,1,2016-08-10,12,Dark,Inner,Yes,Female,1131.7,-0.09087441477595211,3-1,0
3,1,2016-08-10,13,Dark,Inner,Yes,Female,1131.7,-0.09087441477595211,3-1,0.14744195615489714
3,1,2016-08-10,14,Dark,Inner,No,Female,1131.7,-0.09087441477595211,3-1,0.29488391230979427
3,1,2016-08-10,15,Dark,Inner,Yes,Female,1131.7,-0.09087441477595211,3-1,0.4423258684646914
3,1,2016-08-10,16,Dark,Inner,Yes,Female,1131.7,-0.09087441477595211,3-1,0.5897678246195885
3,1,2016-08-10,17,Dark,Outer,No,Female,1131.7,-0.09087441477595211,3-1,0.7372097807744856
3,1,2016-08-10,18,Dark,Inner,Yes,Female,1131.7,-0.09087441477595211,3-1,0.8846517369293828
3,1,2016-08-10,19,Dark,Outer,No,Female,1131.7,-0.09087441477595211,3-1,1.03209369308428
3,1,2016-08-10,20,Dark,Outer,No,Female,1131.7,-0.09087441477595211,3-1,1.179535649239177
3,1,2016-08-10,21,Dark,Outer,No,Female,1131.7,-0.09087441477595211,3-1,1.3269776053940743
3,1,2016-08-10,22,Dark,Outer,No,Female,1131.7,-0.09087441477595211,3-1,1.4744195615489712
3,1,2016-08-10,23,Dark,Inner,Yes,Female,1131.7,-0.09087441477595211,3-1,1.6218615177038684
4,1,2016-08-11,1,Dark,Inner,No,Female,1024.6,-1.0952758412469974,4-1,-1.6218615177038684
4,1,2016-08-11,2,Dark,Outer,No,Female,1024.6,-1.0952758412469974,4-1,-1.4744195615489712
4,1,2016-08-11,3,Dark,Outer,No,Female,1024.6,-1.0952758412469974,4-1,-1.3269776053940743
4,1,2016-08-11,4,Light,Outer,Yes,Female,1024.6,-1.0952758412469974,4-1,-1.179535649239177
4,1,2016-08-11,5,Dark,Outer,No,Female,1024.6,-1.0952758412469974,4-1,-1.03209369308428
4,1,2016-08-11,6,Dark,Outer,No,Female,1024.6,-1.0952758412469974,4-1,-0.8846517369293828
4,1,2016-08-11,7,Dark,Inner,No,Female,1024.6,-1.0952758412469974,4-1,-0.7372097807744856
4,1,2016-08-11,8,Light,Inner,No,Female,1024.6,-1.0952758412469974,4-1,-0.5897678246195885
4,1,2016-08-11,9,Light,Outer,Yes,Female,1024.6,-1.0952758412469974,4-1,-0.4423258684646914
4,1,2016-08-11,10,Light,Outer,Yes,Female,1024.6,-1.0952758412469974,4-1,-0.29488391230979427
4,1,2016-08-11,11,Light,Outer,Yes,Female,1024.6,-1.0952758412469974,4-1,-0.14744195615489714
4,1,2016-08-11,12,Light,Outer,Yes,Female,1024.6,-1.0952758412469974,4-1,0
4,1,2016-08-11,13,Light,Outer,Yes,Female,1024.6,-1.0952758412469974,4-1,0.14744195615489714
4,1,2016-08-11,14,Light,Outer,Yes,Female,1024.6,-1.0952758412469974,4-1,0.29488391230979427
4,1,2016-08-11,15,Light,Outer,Yes,Female,1024.6,-1.0952758412469974,4-1,0.4423258684646914
4,1,2016-08-11,16,Light,Outer,Yes,Female,1024.6,-1.0952758412469974,4-1,0.5897678246195885
4,1,2016-08-11,17,Light,Outer,Yes,Female,1024.6,-1.0952758412469974,4-1,0.7372097807744856
4,1,2016-08-11,18,Light,Outer,Yes,Female,1024.6,-1.0952758412469974,4-1,0.8846517369293828
4,1,2016-08-11,19,Light,Outer,Yes,Female,1024.6,-1.0952758412469974,4-1,1.03209369308428
4,1,2016-08-11,20,Light,Outer,Yes,Female,1024.6,-1.0952758412469974,4-1,1.179535649239177
4,1,2016-08-11,21,Light,Outer,Yes,Female,1024.6,-1.0952758412469974,4-1,1.3269776053940743
4,1,2016-08-11,22,Light,Outer,Yes,Female,1024.6,-1.0952758412469974,4-1,1.4744195615489712
4,1,2016-08-11,23,Light,Outer,Yes,Female,1024.6,-1.0952758412469974,4-1,1.6218615177038684
5,1,2016-08-12,1,Light,Inner,No,Female,1050.8,-0.8495679292624838,5-1,-1.6218615177038684
5,1,2016-08-12,2,Light,Outer,No,Female,1050.8,-0.8495679292624838,5-1,-1.4744195615489712
5,1,2016-08-12,3,Dark,Outer,No,Female,1050.8,-0.8495679292624838,5-1,-1.3269776053940743
5,1,2016-08-12,4,Dark,Inner,No,Female,1050.8,-0.8495679292624838,5-1,-1.179535649239177
5,1,2016-08-12,5,Light,Inner,No,Female,1050.8,-0.8495679292624838,5-1,-1.03209369308428
5,1,2016-08-12,6,Light,Outer,No,Female,1050.8,-0.8495679292624838,5-1,-0.8846517369293828
5,1,2016-08-12,7,Light,Outer,Yes,Female,1050.8,-0.8495679292624838,5-1,-0.7372097807744856
5,1,2016-08-12,8,Light,Outer,Yes,Female,1050.8,-0.8495679292624838,5-1,-0.5897678246195885
5,1,2016-08-12,9,NA,NA,NA,Female,1050.8,-0.8495679292624838,5-1,-0.4423258684646914
5,1,2016-08-12,10,NA,NA,NA,Female,1050.8,-0.8495679292624838,5-1,-0.29488391230979427
5,1,2016-08-12,11,NA,NA,NA,Female,1050.8,-0.8495679292624838,5-1,-0.14744195615489714
5,1,2016-08-12,12,Light,Outer,Yes,Female,1050.8,-0.8495679292624838,5-1,0
5,1,2016-08-12,13,Light,Outer,Yes,Female,1050.8,-0.8495679292624838,5-1,0.14744195615489714
5,1,2016-08-12,14,Light,Outer,Yes,Female,1050.8,-0.8495679292624838,5-1,0.29488391230979427
5,1,2016-08-12,15,Light,Outer,Yes,Female,1050.8,-0.8495679292624838,5-1,0.4423258684646914
5,1,2016-08-12,16,Light,Outer,Yes,Female,1050.8,-0.8495679292624838,5-1,0.5897678246195885
5,1,2016-08-12,17,Light,Outer,Yes,Female,1050.8,-0.8495679292624838,5-1,0.7372097807744856
5,1,2016-08-12,18,Light,Outer,Yes,Female,1050.8,-0.8495679292624838,5-1,0.8846517369293828
5,1,2016-08-12,19,Light,Outer,Yes,Female,1050.8,-0.8495679292624838,5-1,1.03209369308428
5,1,2016-08-12,20,Light,Outer,Yes,Female,1050.8,-0.8495679292624838,5-1,1.179535649239177
5,1,2016-08-12,21,Light,Outer,Yes,Female,1050.8,-0.8495679292624838,5-1,1.3269776053940743
5,1,2016-08-12,22,Light,Outer,Yes,Female,1050.8,-0.8495679292624838,5-1,1.4744195615489712
5,1,2016-08-12,23,Light,Outer,Yes,Female,1050.8,-0.8495679292624838,5-1,1.6218615177038684
6,1,2016-08-14,1,Light,Outer,No,Male,1142.4,0.0094719462253571,6-1,-1.6218615177038684
6,1,2016-08-14,2,Dark,Inner,No,Male,1142.4,0.0094719462253571,6-1,-1.4744195615489712
6,1,2016-08-14,3,Dark,Outer,No,Male,1142.4,0.0094719462253571,6-1,-1.3269776053940743
6,1,2016-08-14,4,Light,Inner,No,Male,1142.4,0.0094719462253571,6-1,-1.179535649239177
6,1,2016-08-14,5,Dark,Inner,No,Male,1142.4,0.0094719462253571,6-1,-1.03209369308428
6,1,2016-08-14,6,Dark,Outer,No,Male,1142.4,0.0094719462253571,6-1,-0.8846517369293828
6,1,2016-08-14,7,Dark,Outer,No,Male,1142.4,0.0094719462253571,6-1,-0.7372097807744856
6,1,2016-08-14,8,Dark,Outer,No,Male,1142.4,0.0094719462253571,6-1,-0.5897678246195885
6,1,2016-08-14,9,Dark,Outer,No,Male,1142.4,0.0094719462253571,6-1,-0.4423258684646914
6,1,2016-08-14,10,Light,Outer,No,Male,1142.4,0.0094719462253571,6-1,-0.29488391230979427
6,1,2016-08-14,11,Dark,Inner,No,Male,1142.4,0.0094719462253571,6-1,-0.14744195615489714
6,1,2016-08-14,12,Dark,Outer,No,Male,1142.4,0.0094719462253571,6-1,0
6,1,2016-08-14,13,Light,Outer,No,Male,1142.4,0.0094719462253571,6-1,0.14744195615489714
6,1,2016-08-14,14,Light,Outer,No,Male,1142.4,0.0094719462253571,6-1,0.29488391230979427
6,1,2016-08-14,15,Dark,Outer,No,Male,1142.4,0.0094719462253571,6-1,0.4423258684646914
6,1,2016-08-14,16,Dark,Outer,No,Male,1142.4,0.0094719462253571,6-1,0.5897678246195885
6,1,2016-08-14,17,Light,Outer,Yes,Male,1142.4,0.0094719462253571,6-1,0.7372097807744856
6,1,2016-08-14,18,Light,Outer,Yes,Male,1142.4,0.0094719462253571,6-1,0.8846517369293828
6,1,2016-08-14,19,Light,Outer,Yes,Male,1142.4,0.0094719462253571,6-1,1.03209369308428
6,1,2016-08-14,20,Dark,Inner,No,Male,1142.4,0.0094719462253571,6-1,1.179535649239177
6,1,2016-08-14,21,Dark,Outer,No,Male,1142.4,0.0094719462253571,6-1,1.3269776053940743
6,1,2016-08-14,22,Dark,Inner,Yes,Male,1142.4,0.0094719462253571,6-1,1.4744195615489712
6,1,2016-08-14,23,Dark,Inner,Yes,Male,1142.4,0.0094719462253571,6-1,1.6218615177038684
7,1,2016-08-15,1,Dark,Inner,No,Male,959.6,-1.7048565389184982,7-1,-1.6218615177038684
7,1,2016-08-15,2,Dark,Outer,No,Male,959.6,-1.7048565389184982,7-1,-1.4744195615489712
7,1,2016-08-15,3,Dark,Outer,No,Male,959.6,-1.7048565389184982,7-1,-1.3269776053940743
7,1,2016-08-15,4,Dark,Outer,No,Male,959.6,-1.7048565389184982,7-1,-1.179535649239177
7,1,2016-08-15,5,Dark,Inner,No,Male,959.6,-1.7048565389184982,7-1,-1.03209369308428
7,1,2016-08-15,6,Dark,Inner,No,Male,959.6,-1.7048565389184982,7-1,-0.8846517369293828
7,1,2016-08-15,7,Dark,Outer,No,Male,959.6,-1.7048565389184982,7-1,-0.7372097807744856
7,1,2016-08-15,8,Dark,Outer,No,Male,959.6,-1.7048565389184982,7-1,-0.5897678246195885
7,1,2016-08-15,9,Dark,Inner,No,Male,959.6,-1.7048565389184982,7-1,-0.4423258684646914
7,1,2016-08-15,10,Dark,Inner,No,Male,959.6,-1.7048565389184982,7-1,-0.29488391230979427
7,1,2016-08-15,11,Dark,Outer,No,Male,959.6,-1.7048565389184982,7-1,-0.14744195615489714
7,1,2016-08-15,12,Dark,Outer,No,Male,959.6,-1.7048565389184982,7-1,0
7,1,2016-08-15,13,Light,Outer,No,Male,959.6,-1.7048565389184982,7-1,0.14744195615489714
7,1,2016-08-15,14,Light,Outer,No,Male,959.6,-1.7048565389184982,7-1,0.29488391230979427
7,1,2016-08-15,15,Dark,Outer,No,Male,959.6,-1.7048565389184982,7-1,0.4423258684646914
7,1,2016-08-15,16,Light,Outer,No,Male,959.6,-1.7048565389184982,7-1,0.5897678246195885
7,1,2016-08-15,17,Light,Outer,No,Male,959.6,-1.7048565389184982,7-1,0.7372097807744856
7,1,2016-08-15,18,Light,Outer,No,Male,959.6,-1.7048565389184982,7-1,0.8846517369293828
7,1,2016-08-15,19,Light,Outer,No,Male,959.6,-1.7048565389184982,7-1,1.03209369308428
7,1,2016-08-15,20,Light,Outer,No,Male,959.6,-1.7048565389184982,7-1,1.179535649239177
7,1,2016-08-15,21,Dark,Inner,No,Male,959.6,-1.7048565389184982,7-1,1.3269776053940743
7,1,2016-08-15,22,Light,Outer,No,Male,959.6,-1.7048565389184982,7-1,1.4744195615489712
7,1,2016-08-15,23,Light,Outer,No,Male,959.6,-1.7048565389184982,7-1,1.6218615177038684
8,1,2016-08-16,1,Dark,Outer,No,Female,1198.8,0.5384004285126283,8-1,-1.6218615177038684
8,1,2016-08-16,2,Dark,Inner,No,Female,1198.8,0.5384004285126283,8-1,-1.4744195615489712
8,1,2016-08-16,3,Dark,Outer,No,Female,1198.8,0.5384004285126283,8-1,-1.3269776053940743
8,1,2016-08-16,4,Dark,Outer,No,Female,1198.8,0.5384004285126283,8-1,-1.179535649239177
8,1,2016-08-16,5,Dark,Inner,No,Female,1198.8,0.5384004285126283,8-1,-1.03209369308428
8,1,2016-08-16,6,Dark,Outer,No,Female,1198.8,0.5384004285126283,8-1,-0.8846517369293828
8,1,2016-08-16,7,Light,Inner,No,Female,1198.8,0.5384004285126283,8-1,-0.7372097807744856
8,1,2016-08-16,8,Dark,Inner,No,Female,1198.8,0.5384004285126283,8-1,-0.5897678246195885
8,1,2016-08-16,9,Dark,Inner,No,Female,1198.8,0.5384004285126283,8-1,-0.4423258684646914
8,1,2016-08-16,10,Dark,Inner,No,Female,1198.8,0.5384004285126283,8-1,-0.29488391230979427
8,1,2016-08-16,11,Dark,Outer,No,Female,1198.8,0.5384004285126283,8-1,-0.14744195615489714
8,1,2016-08-16,12,Dark,Inner,No,Female,1198.8,0.5384004285126283,8-1,0
8,1,2016-08-16,13,Dark,Outer,No,Female,1198.8,0.5384004285126283,8-1,0.14744195615489714
8,1,2016-08-16,14,Light,Outer,No,Female,1198.8,0.5384004285126283,8-1,0.29488391230979427
8,1,2016-08-16,15,NA,NA,NA,Female,1198.8,0.5384004285126283,8-1,0.4423258684646914
8,1,2016-08-16,16,Dark,Inner,No,Female,1198.8,0.5384004285126283,8-1,0.5897678246195885
8,1,2016-08-16,17,Dark,Inner,No,Female,1198.8,0.5384004285126283,8-1,0.7372097807744856
8,1,2016-08-16,18,Dark,Inner,No,Female,1198.8,0.5384004285126283,8-1,0.8846517369293828
8,1,2016-08-16,19,Dark,Inner,No,Female,1198.8,0.5384004285126283,8-1,1.03209369308428
8,1,2016-08-16,20,Dark,Inner,No,Female,1198.8,0.5384004285126283,8-1,1.179535649239177
8,1,2016-08-16,21,Dark,Inner,No,Female,1198.8,0.5384004285126283,8-1,1.3269776053940743
8,1,2016-08-16,22,Light,Outer,No,Female,1198.8,0.5384004285126283,8-1,1.4744195615489712
8,1,2016-08-16,23,Dark,Outer,No,Female,1198.8,0.5384004285126283,8-1,1.6218615177038684
9,1,2016-08-17,1,Dark,Inner,No,Male,1080.4,-0.5719742577074601,9-1,-1.6218615177038684
9,1,2016-08-17,2,Dark,Inner,No,Male,1080.4,-0.5719742577074601,9-1,-1.4744195615489712
9,1,2016-08-17,3,Dark,Outer,No,Male,1080.4,-0.5719742577074601,9-1,-1.3269776053940743
9,1,2016-08-17,4,Dark,Outer,No,Male,1080.4,-0.5719742577074601,9-1,-1.179535649239177
9,1,2016-08-17,5,NA,NA,NA,Male,1080.4,-0.5719742577074601,9-1,-1.03209369308428
9,1,2016-08-17,6,NA,NA,NA,Male,1080.4,-0.5719742577074601,9-1,-0.8846517369293828
9,1,2016-08-17,7,NA,NA,NA,Male,1080.4,-0.5719742577074601,9-1,-0.7372097807744856
9,1,2016-08-17,8,Dark,Outer,No,Male,1080.4,-0.5719742577074601,9-1,-0.5897678246195885
9,1,2016-08-17,9,Dark,Outer,No,Male,1080.4,-0.5719742577074601,9-1,-0.4423258684646914
9,1,2016-08-17,10,Dark,Outer,No,Male,1080.4,-0.5719742577074601,9-1,-0.29488391230979427
9,1,2016-08-17,11,Dark,Outer,No,Male,1080.4,-0.5719742577074601,9-1,-0.14744195615489714
9,1,2016-08-17,12,Dark,Outer,No,Male,1080.4,-0.5719742577074601,9-1,0
9,1,2016-08-17,13,Light,Outer,No,Male,1080.4,-0.5719742577074601,9-1,0.14744195615489714
9,1,2016-08-17,14,Dark,Outer,No,Male,1080.4,-0.5719742577074601,9-1,0.29488391230979427
9,1,2016-08-17,15,Dark,Outer,No,Male,1080.4,-0.5719742577074601,9-1,0.4423258684646914
9,1,2016-08-17,16,Dark,Outer,No,Male,1080.4,-0.5719742577074601,9-1,0.5897678246195885
9,1,2016-08-17,17,Dark,Outer,No,Male,1080.4,-0.5719742577074601,9-1,0.7372097807744856
9,1,2016-08-17,18,Dark,Inner,No,Male,1080.4,-0.5719742577074601,9-1,0.8846517369293828
9,1,2016-08-17,19,Dark,Outer,No,Male,1080.4,-0.5719742577074601,9-1,1.03209369308428
9,1,2016-08-17,20,Dark,Outer,Yes,Male,1080.4,-0.5719742577074601,9-1,1.179535649239177
9,1,2016-08-17,21,Dark,Outer,Yes,Male,1080.4,-0.5719742577074601,9-1,1.3269776053940743
9,1,2016-08-17,22,Dark,Outer,Yes,Male,1080.4,-0.5719742577074601,9-1,1.4744195615489712
9,1,2016-08-17,23,Dark,Outer,Yes,Male,1080.4,-0.5719742577074601,9-1,1.6218615177038684
10,1,2016-08-18,1,Dark,Outer,No,Female,1093.4,-0.45005811817315977,10-1,-1.6218615177038684
10,1,2016-08-18,2,Dark,Outer,No,Female,1093.4,-0.45005811817315977,10-1,-1.4744195615489712
10,1,2016-08-18,3,Light,Inner,No,Female,1093.4,-0.45005811817315977,10-1,-1.3269776053940743
10,1,2016-08-18,4,Dark,Inner,No,Female,1093.4,-0.45005811817315977,10-1,-1.179535649239177
10,1,2016-08-18,5,Dark,Inner,No,Female,1093.4,-0.45005811817315977,10-1,-1.03209369308428
10,1,2016-08-18,6,Dark,Outer,No,Female,1093.4,-0.45005811817315977,10-1,-0.8846517369293828
10,1,2016-08-18,7,Dark,Outer,No,Female,1093.4,-0.45005811817315977,10-1,-0.7372097807744856
10,1,2016-08-18,8,Dark,Inner,No,Female,1093.4,-0.45005811817315977,10-1,-0.5897678246195885
10,1,2016-08-18,9,Dark,Inner,Yes,Female,1093.4,-0.45005811817315977,10-1,-0.4423258684646914
10,1,2016-08-18,10,Light,Inner,No,Female,1093.4,-0.45005811817315977,10-1,-0.29488391230979427
10,1,2016-08-18,11,Dark,Inner,No,Female,1093.4,-0.45005811817315977,10-1,-0.14744195615489714
10,1,2016-08-18,12,Dark,Outer,No,Female,1093.4,-0.45005811817315977,10-1,0
10,1,2016-08-18,13,Dark,Outer,No,Female,1093.4,-0.45005811817315977,10-1,0.14744195615489714
10,1,2016-08-18,14,Dark,Outer,No,Female,1093.4,-0.45005811817315977,10-1,0.29488391230979427
10,1,2016-08-18,15,Dark,Outer,No,Female,1093.4,-0.45005811817315977,10-1,0.4423258684646914
10,1,2016-08-18,16,Dark,Outer,No,Female,1093.4,-0.45005811817315977,10-1,0.5897678246195885
10,1,2016-08-18,17,Dark,Outer,No,Female,1093.4,-0.45005811817315977,10-1,0.7372097807744856
10,1,2016-08-18,18,Dark,Outer,No,Female,1093.4,-0.45005811817315977,10-1,0.8846517369293828
10,1,2016-08-18,19,Dark,Outer,No,Female,1093.4,-0.45005811817315977,10-1,1.03209369308428
10,1,2016-08-18,20,Dark,Outer,No,Female,1093.4,-0.45005811817315977,10-1,1.179535649239177
10,1,2016-08-18,21,Dark,Outer,No,Female,1093.4,-0.45005811817315977,10-1,1.3269776053940743
10,1,2016-08-18,22,Dark,Outer,No,Female,1093.4,-0.45005811817315977,10-1,1.4744195615489712
10,1,2016-08-18,23,Dark,Outer,No,Female,1093.4,-0.45005811817315977,10-1,1.6218615177038684
11,1,2016-08-19,1,Dark,Outer,No,Female,1319.5,1.6703448932657101,11-1,-1.6218615177038684
11,1,2016-08-19,2,Dark,Outer,No,Female,1319.5,1.6703448932657101,11-1,-1.4744195615489712
11,1,2016-08-19,3,Dark,Outer,No,Female,1319.5,1.6703448932657101,11-1,-1.3269776053940743
11,1,2016-08-19,4,Dark,Outer,No,Female,1319.5,1.6703448932657101,11-1,-1.179535649239177
11,1,2016-08-19,5,Dark,Outer,No,Female,1319.5,1.6703448932657101,11-1,-1.03209369308428
11,1,2016-08-19,6,Dark,Outer,No,Female,1319.5,1.6703448932657101,11-1,-0.8846517369293828
11,1,2016-08-19,7,Dark,Outer,No,Female,1319.5,1.6703448932657101,11-1,-0.7372097807744856
11,1,2016-08-19,8,Light,Inner,No,Female,1319.5,1.6703448932657101,11-1,-0.5897678246195885
11,1,2016-08-19,9,Dark,Inner,No,Female,1319.5,1.6703448932657101,11-1,-0.4423258684646914
11,1,2016-08-19,10,Light,Inner,No,Female,1319.5,1.6703448932657101,11-1,-0.29488391230979427
11,1,2016-08-19,11,Light,Outer,No,Female,1319.5,1.6703448932657101,11-1,-0.14744195615489714
11,1,2016-08-19,12,Dark,Outer,No,Female,1319.5,1.6703448932657101,11-1,0
11,1,2016-08-19,13,Dark,Outer,No,Female,1319.5,1.6703448932657101,11-1,0.14744195615489714
11,1,2016-08-19,14,Dark,Outer,No,Female,1319.5,1.6703448932657101,11-1,0.29488391230979427
11,1,2016-08-19,15,NA,NA,NA,Female,1319.5,1.6703448932657101,11-1,0.4423258684646914
11,1,2016-08-19,16,NA,NA,NA,Female,1319.5,1.6703448932657101,11-1,0.5897678246195885
11,1,2016-08-19,17,NA,NA,NA,Female,1319.5,1.6703448932657101,11-1,0.7372097807744856
11,1,2016-08-19,18,NA,NA,NA,Female,1319.5,1.6703448932657101,11-1,0.8846517369293828
11,1,2016-08-19,19,NA,NA,NA,Female,1319.5,1.6703448932657101,11-1,1.03209369308428
11,1,2016-08-19,20,Dark,Outer,No,Female,1319.5,1.6703448932657101,11-1,1.179535649239177
11,1,2016-08-19,21,Dark,Outer,No,Female,1319.5,1.6703448932657101,11-1,1.3269776053940743
11,1,2016-08-19,22,Dark,Outer,No,Female,1319.5,1.6703448932657101,11-1,1.4744195615489712
11,1,2016-08-19,23,Dark,Outer,No,Female,1319.5,1.6703448932657101,11-1,1.6218615177038684
12,1,2016-08-20,1,Dark,Outer,No,Male,1090,-0.4819438777436699,12-1,-1.6218615177038684
12,1,2016-08-20,2,Dark,Outer,No,Male,1090,-0.4819438777436699,12-1,-1.4744195615489712
12,1,2016-08-20,3,Dark,Outer,No,Male,1090,-0.4819438777436699,12-1,-1.3269776053940743
12,1,2016-08-20,4,Dark,Outer,No,Male,1090,-0.4819438777436699,12-1,-1.179535649239177
12,1,2016-08-20,5,Dark,Inner,No,Male,1090,-0.4819438777436699,12-1,-1.03209369308428
12,1,2016-08-20,6,Dark,Outer,No,Male,1090,-0.4819438777436699,12-1,-0.8846517369293828
12,1,2016-08-20,7,Light,Inner,No,Male,1090,-0.4819438777436699,12-1,-0.7372097807744856
12,1,2016-08-20,8,Dark,Inner,No,Male,1090,-0.4819438777436699,12-1,-0.5897678246195885
12,1,2016-08-20,9,Light,Outer,Yes,Male,1090,-0.4819438777436699,12-1,-0.4423258684646914
12,1,2016-08-20,10,Light,Outer,No,Male,1090,-0.4819438777436699,12-1,-0.29488391230979427
12,1,2016-08-20,11,Light,Inner,No,Male,1090,-0.4819438777436699,12-1,-0.14744195615489714
12,1,2016-08-20,12,Light,Inner,No,Male,1090,-0.4819438777436699,12-1,0
12,1,2016-08-20,13,NA,NA,NA,Male,1090,-0.4819438777436699,12-1,0.14744195615489714
12,1,2016-08-20,14,NA,NA,NA,Male,1090,-0.4819438777436699,12-1,0.29488391230979427
12,1,2016-08-20,15,NA,NA,NA,Male,1090,-0.4819438777436699,12-1,0.4423258684646914
12,1,2016-08-20,16,Light,Outer,No,Male,1090,-0.4819438777436699,12-1,0.5897678246195885
12,1,2016-08-20,17,Light,Outer,No,Male,1090,-0.4819438777436699,12-1,0.7372097807744856
12,1,2016-08-20,18,Light,Outer,No,Male,1090,-0.4819438777436699,12-1,0.8846517369293828
12,1,2016-08-20,19,Light,Outer,No,Male,1090,-0.4819438777436699,12-1,1.03209369308428
12,1,2016-08-20,20,Light,Outer,No,Male,1090,-0.4819438777436699,12-1,1.179535649239177
12,1,2016-08-20,21,Light,Outer,No,Male,1090,-0.4819438777436699,12-1,1.3269776053940743
12,1,2016-08-20,22,Light,Outer,No,Male,1090,-0.4819438777436699,12-1,1.4744195615489712
12,1,2016-08-20,23,Light,Outer,No,Male,1090,-0.4819438777436699,12-1,1.6218615177038684
13,1,2016-08-22,1,Dark,Inner,No,Male,1124.7,-0.1565215668328831,13-1,-1.6218615177038684
13,1,2016-08-22,2,Light,Outer,No,Male,1124.7,-0.1565215668328831,13-1,-1.4744195615489712
13,1,2016-08-22,3,Light,Outer,No,Male,1124.7,-0.1565215668328831,13-1,-1.3269776053940743
13,1,2016-08-22,4,Dark,Outer,No,Male,1124.7,-0.1565215668328831,13-1,-1.179535649239177
13,1,2016-08-22,5,Light,Outer,No,Male,1124.7,-0.1565215668328831,13-1,-1.03209369308428
13,1,2016-08-22,6,Dark,Inner,No,Male,1124.7,-0.1565215668328831,13-1,-0.8846517369293828
13,1,2016-08-22,7,Dark,Outer,No,Male,1124.7,-0.1565215668328831,13-1,-0.7372097807744856
13,1,2016-08-22,8,Dark,Inner,No,Male,1124.7,-0.1565215668328831,13-1,-0.5897678246195885
13,1,2016-08-22,9,Light,Outer,No,Male,1124.7,-0.1565215668328831,13-1,-0.4423258684646914
13,1,2016-08-22,10,Light,Outer,No,Male,1124.7,-0.1565215668328831,13-1,-0.29488391230979427
13,1,2016-08-22,11,Light,Outer,No,Male,1124.7,-0.1565215668328831,13-1,-0.14744195615489714
13,1,2016-08-22,12,Dark,Outer,No,Male,1124.7,-0.1565215668328831,13-1,0
13,1,2016-08-22,13,Dark,Outer,No,Male,1124.7,-0.1565215668328831,13-1,0.14744195615489714
13,1,2016-08-22,14,Dark,Outer,No,Male,1124.7,-0.1565215668328831,13-1,0.29488391230979427
13,1,2016-08-22,15,Dark,Outer,No,Male,1124.7,-0.1565215668328831,13-1,0.4423258684646914
13,1,2016-08-22,16,Dark,Outer,No,Male,1124.7,-0.1565215668328831,13-1,0.5897678246195885
13,1,2016-08-22,17,Dark,Outer,No,Male,1124.7,-0.1565215668328831,13-1,0.7372097807744856
13,1,2016-08-22,18,Light,Outer,No,Male,1124.7,-0.1565215668328831,13-1,0.8846517369293828
13,1,2016-08-22,19,Dark,Inner,No,Male,1124.7,-0.1565215668328831,13-1,1.03209369308428
13,1,2016-08-22,20,Dark,Inner,No,Male,1124.7,-0.1565215668328831,13-1,1.179535649239177
13,1,2016-08-22,21,Dark,Inner,No,Male,1124.7,-0.1565215668328831,13-1,1.3269776053940743
13,1,2016-08-22,22,Dark,Inner,No,Male,1124.7,-0.1565215668328831,13-1,1.4744195615489712
13,1,2016-08-22,23,Dark,Outer,No,Male,1124.7,-0.1565215668328831,13-1,1.6218615177038684
14,1,2016-08-23,1,Dark,Outer,No,Female,1406.9,2.489996477519392,14-1,-1.6218615177038684
14,1,2016-08-23,2,Dark,Outer,No,Female,1406.9,2.489996477519392,14-1,-1.4744195615489712
14,1,2016-08-23,3,Dark,Inner,No,Female,1406.9,2.489996477519392,14-1,-1.3269776053940743
14,1,2016-08-23,4,Dark,Inner,No,Female,1406.9,2.489996477519392,14-1,-1.179535649239177
14,1,2016-08-23,5,Dark,Outer,No,Female,1406.9,2.489996477519392,14-1,-1.03209369308428
14,1,2016-08-23,6,Dark,Outer,No,Female,1406.9,2.489996477519392,14-1,-0.8846517369293828
14,1,2016-08-23,7,Dark,Inner,No,Female,1406.9,2.489996477519392,14-1,-0.7372097807744856
14,1,2016-08-23,8,Dark,Outer,No,Female,1406.9,2.489996477519392,14-1,-0.5897678246195885
14,1,2016-08-23,9,Dark,Outer,No,Female,1406.9,2.489996477519392,14-1,-0.4423258684646914
14,1,2016-08-23,10,Dark,Outer,No,Female,1406.9,2.489996477519392,14-1,-0.29488391230979427
14,1,2016-08-23,11,Dark,Outer,No,Female,1406.9,2.489996477519392,14-1,-0.14744195615489714
14,1,2016-08-23,12,Dark,Inner,No,Female,1406.9,2.489996477519392,14-1,0
14,1,2016-08-23,13,Light,Outer,No,Female,1406.9,2.489996477519392,14-1,0.14744195615489714
14,1,2016-08-23,14,Dark,Outer,No,Female,1406.9,2.489996477519392,14-1,0.29488391230979427
14,1,2016-08-23,15,Dark,Inner,No,Female,1406.9,2.489996477519392,14-1,0.4423258684646914
14,1,2016-08-23,16,Dark,Outer,No,Female,1406.9,2.489996477519392,14-1,0.5897678246195885
14,1,2016-08-23,17,Dark,Outer,No,Female,1406.9,2.489996477519392,14-1,0.7372097807744856
14,1,2016-08-23,18,Dark,Outer,No,Female,1406.9,2.489996477519392,14-1,0.8846517369293828
14,1,2016-08-23,19,Dark,Outer,No,Female,1406.9,2.489996477519392,14-1,1.03209369308428
14,1,2016-08-23,20,Dark,Inner,No,Female,1406.9,2.489996477519392,14-1,1.179535649239177
14,1,2016-08-23,21,Dark,Inner,No,Female,1406.9,2.489996477519392,14-1,1.3269776053940743
14,1,2016-08-23,22,Dark,Outer,No,Female,1406.9,2.489996477519392,14-1,1.4744195615489712
14,1,2016-08-23,23,Dark,Inner,No,Female,1406.9,2.489996477519392,14-1,1.6218615177038684
15,1,2016-08-24,1,Dark,Outer,No,Male,1189,0.44649441563292536,15-1,-1.6218615177038684
15,1,2016-08-24,2,Light,Outer,No,Male,1189,0.44649441563292536,15-1,-1.4744195615489712
15,1,2016-08-24,3,Dark,Outer,No,Male,1189,0.44649441563292536,15-1,-1.3269776053940743
15,1,2016-08-24,4,Dark,Outer,No,Male,1189,0.44649441563292536,15-1,-1.179535649239177
15,1,2016-08-24,5,Dark,Inner,No,Male,1189,0.44649441563292536,15-1,-1.03209369308428
15,1,2016-08-24,6,Light,Outer,No,Male,1189,0.44649441563292536,15-1,-0.8846517369293828
15,1,2016-08-24,7,Dark,Outer,No,Male,1189,0.44649441563292536,15-1,-0.7372097807744856
15,1,2016-08-24,8,Dark,Inner,No,Male,1189,0.44649441563292536,15-1,-0.5897678246195885
15,1,2016-08-24,9,Light,Outer,No,Male,1189,0.44649441563292536,15-1,-0.4423258684646914
15,1,2016-08-24,10,Light,Outer,No,Male,1189,0.44649441563292536,15-1,-0.29488391230979427
15,1,2016-08-24,11,Dark,Outer,No,Male,1189,0.44649441563292536,15-1,-0.14744195615489714
15,1,2016-08-24,12,Dark,Outer,No,Male,1189,0.44649441563292536,15-1,0
15,1,2016-08-24,13,Dark,Outer,No,Male,1189,0.44649441563292536,15-1,0.14744195615489714
15,1,2016-08-24,14,Dark,Outer,No,Male,1189,0.44649441563292536,15-1,0.29488391230979427
15,1,2016-08-24,15,Light,Outer,No,Male,1189,0.44649441563292536,15-1,0.4423258684646914
15,1,2016-08-24,16,Light,Outer,No,Male,1189,0.44649441563292536,15-1,0.5897678246195885
15,1,2016-08-24,17,Light,Outer,No,Male,1189,0.44649441563292536,15-1,0.7372097807744856
15,1,2016-08-24,18,Light,Outer,No,Male,1189,0.44649441563292536,15-1,0.8846517369293828
15,1,2016-08-24,19,Light,Outer,No,Male,1189,0.44649441563292536,15-1,1.03209369308428
15,1,2016-08-24,20,Light,Outer,No,Male,1189,0.44649441563292536,15-1,1.179535649239177
15,1,2016-08-24,21,Light,Outer,No,Male,1189,0.44649441563292536,15-1,1.3269776053940743
15,1,2016-08-24,22,Light,Outer,No,Male,1189,0.44649441563292536,15-1,1.4744195615489712
15,1,2016-08-24,23,Light,Outer,No,Male,1189,0.44649441563292536,15-1,1.6218615177038684
16,1,2016-08-25,1,Dark,Outer,No,Female,1256.6,1.0804583412112865,16-1,-1.6218615177038684
16,1,2016-08-25,2,Dark,Inner,No,Female,1256.6,1.0804583412112865,16-1,-1.4744195615489712
16,1,2016-08-25,3,Dark,Inner,No,Female,1256.6,1.0804583412112865,16-1,-1.3269776053940743
16,1,2016-08-25,4,Dark,Outer,No,Female,1256.6,1.0804583412112865,16-1,-1.179535649239177
16,1,2016-08-25,5,Dark,Outer,No,Female,1256.6,1.0804583412112865,16-1,-1.03209369308428
16,1,2016-08-25,6,Dark,Outer,No,Female,1256.6,1.0804583412112865,16-1,-0.8846517369293828
16,1,2016-08-25,7,Dark,Inner,No,Female,1256.6,1.0804583412112865,16-1,-0.7372097807744856
16,1,2016-08-25,8,Dark,Inner,No,Female,1256.6,1.0804583412112865,16-1,-0.5897678246195885
16,1,2016-08-25,9,Dark,Outer,No,Female,1256.6,1.0804583412112865,16-1,-0.4423258684646914
16,1,2016-08-25,10,Dark,Outer,No,Female,1256.6,1.0804583412112865,16-1,-0.29488391230979427
16,1,2016-08-25,11,Dark,Outer,No,Female,1256.6,1.0804583412112865,16-1,-0.14744195615489714
16,1,2016-08-25,12,Dark,Outer,No,Female,1256.6,1.0804583412112865,16-1,0
16,1,2016-08-25,13,Dark,Inner,Yes,Female,1256.6,1.0804583412112865,16-1,0.14744195615489714
16,1,2016-08-25,14,Dark,Inner,Yes,Female,1256.6,1.0804583412112865,16-1,0.29488391230979427
16,1,2016-08-25,15,Dark,Inner,Yes,Female,1256.6,1.0804583412112865,16-1,0.4423258684646914
16,1,2016-08-25,16,Dark,Inner,Yes,Female,1256.6,1.0804583412112865,16-1,0.5897678246195885
16,1,2016-08-25,17,Dark,Inner,Yes,Female,1256.6,1.0804583412112865,16-1,0.7372097807744856
16,1,2016-08-25,18,Dark,Inner,Yes,Female,1256.6,1.0804583412112865,16-1,0.8846517369293828
16,1,2016-08-25,19,Dark,Inner,Yes,Female,1256.6,1.0804583412112865,16-1,1.03209369308428
16,1,2016-08-25,20,Dark,Inner,Yes,Female,1256.6,1.0804583412112865,16-1,1.179535649239177
16,1,2016-08-25,21,Dark,Inner,Yes,Female,1256.6,1.0804583412112865,16-1,1.3269776053940743
16,1,2016-08-25,22,Dark,Inner,Yes,Female,1256.6,1.0804583412112865,16-1,1.4744195615489712
16,1,2016-08-25,23,Dark,Inner,Yes,Female,1256.6,1.0804583412112865,16-1,1.6218615177038684
17,1,2016-08-27,1,Light,Outer,No,Female,1172.7,0.2936303329860722,17-1,-1.6218615177038684
17,1,2016-08-27,2,Dark,Outer,No,Female,1172.7,0.2936303329860722,17-1,-1.4744195615489712
17,1,2016-08-27,3,Dark,Outer,No,Female,1172.7,0.2936303329860722,17-1,-1.3269776053940743
17,1,2016-08-27,4,Dark,Outer,No,Female,1172.7,0.2936303329860722,17-1,-1.179535649239177
17,1,2016-08-27,5,Dark,Outer,No,Female,1172.7,0.2936303329860722,17-1,-1.03209369308428
17,1,2016-08-27,6,Dark,Outer,No,Female,1172.7,0.2936303329860722,17-1,-0.8846517369293828
17,1,2016-08-27,7,Dark,Outer,No,Female,1172.7,0.2936303329860722,17-1,-0.7372097807744856
17,1,2016-08-27,8,Dark,Outer,No,Female,1172.7,0.2936303329860722,17-1,-0.5897678246195885
17,1,2016-08-27,9,Dark,Outer,No,Female,1172.7,0.2936303329860722,17-1,-0.4423258684646914
17,1,2016-08-27,10,Dark,Outer,Yes,Female,1172.7,0.2936303329860722,17-1,-0.29488391230979427
17,1,2016-08-27,11,Dark,Outer,Yes,Female,1172.7,0.2936303329860722,17-1,-0.14744195615489714
17,1,2016-08-27,12,Dark,Outer,Yes,Female,1172.7,0.2936303329860722,17-1,0
17,1,2016-08-27,13,Dark,Outer,Yes,Female,1172.7,0.2936303329860722,17-1,0.14744195615489714
17,1,2016-08-27,14,Dark,Outer,Yes,Female,1172.7,0.2936303329860722,17-1,0.29488391230979427
17,1,2016-08-27,15,Dark,Inner,No,Female,1172.7,0.2936303329860722,17-1,0.4423258684646914
17,1,2016-08-27,16,Dark,Outer,Yes,Female,1172.7,0.2936303329860722,17-1,0.5897678246195885
17,1,2016-08-27,17,Dark,Outer,Yes,Female,1172.7,0.2936303329860722,17-1,0.7372097807744856
17,1,2016-08-27,18,Dark,Outer,Yes,Female,1172.7,0.2936303329860722,17-1,0.8846517369293828
17,1,2016-08-27,19,Dark,Outer,Yes,Female,1172.7,0.2936303329860722,17-1,1.03209369308428
17,1,2016-08-27,20,Dark,Outer,Yes,Female,1172.7,0.2936303329860722,17-1,1.179535649239177
17,1,2016-08-27,21,Dark,Outer,Yes,Female,1172.7,0.2936303329860722,17-1,1.3269776053940743
17,1,2016-08-27,22,Dark,Outer,Yes,Female,1172.7,0.2936303329860722,17-1,1.4744195615489712
17,1,2016-08-27,23,Dark,Outer,Yes,Female,1172.7,0.2936303329860722,17-1,1.6218615177038684
18,1,2016-08-30,1,Dark,Outer,Yes,Female,1182.9,0.3892876116976006,18-1,-1.6218615177038684
18,1,2016-08-30,2,Dark,Outer,No,Female,1182.9,0.3892876116976006,18-1,-1.4744195615489712
18,1,2016-08-30,3,Dark,Outer,Yes,Female,1182.9,0.3892876116976006,18-1,-1.3269776053940743
18,1,2016-08-30,4,Dark,Outer,Yes,Female,1182.9,0.3892876116976006,18-1,-1.179535649239177
18,1,2016-08-30,5,Dark,Outer,Yes,Female,1182.9,0.3892876116976006,18-1,-1.03209369308428
18,1,2016-08-30,6,Dark,Outer,Yes,Female,1182.9,0.3892876116976006,18-1,-0.8846517369293828
18,1,2016-08-30,7,Dark,Outer,Yes,Female,1182.9,0.3892876116976006,18-1,-0.7372097807744856
18,1,2016-08-30,8,Dark,Outer,Yes,Female,1182.9,0.3892876116976006,18-1,-0.5897678246195885
18,1,2016-08-30,9,Dark,Outer,Yes,Female,1182.9,0.3892876116976006,18-1,-0.4423258684646914
18,1,2016-08-30,10,Dark,Outer,Yes,Female,1182.9,0.3892876116976006,18-1,-0.29488391230979427
18,1,2016-08-30,11,Dark,Outer,Yes,Female,1182.9,0.3892876116976006,18-1,-0.14744195615489714
18,1,2016-08-30,12,Dark,Outer,Yes,Female,1182.9,0.3892876116976006,18-1,0
18,1,2016-08-30,13,Light,Inner,No,Female,1182.9,0.3892876116976006,18-1,0.14744195615489714
18,1,2016-08-30,14,Dark,Inner,No,Female,1182.9,0.3892876116976006,18-1,0.29488391230979427
18,1,2016-08-30,15,Light,Inner,No,Female,1182.9,0.3892876116976006,18-1,0.4423258684646914
18,1,2016-08-30,16,Dark,Outer,No,Female,1182.9,0.3892876116976006,18-1,0.5897678246195885
18,1,2016-08-30,17,Dark,Inner,No,Female,1182.9,0.3892876116976006,18-1,0.7372097807744856
18,1,2016-08-30,18,Light,Inner,No,Female,1182.9,0.3892876116976006,18-1,0.8846517369293828
18,1,2016-08-30,19,Dark,Outer,No,Female,1182.9,0.3892876116976006,18-1,1.03209369308428
18,1,2016-08-30,20,Dark,Outer,No,Female,1182.9,0.3892876116976006,18-1,1.179535649239177
18,1,2016-08-30,21,Dark,Outer,No,Female,1182.9,0.3892876116976006,18-1,1.3269776053940743
18,1,2016-08-30,22,Dark,Outer,No,Female,1182.9,0.3892876116976006,18-1,1.4744195615489712
18,1,2016-08-30,23,Dark,Outer,No,Female,1182.9,0.3892876116976006,18-1,1.6218615177038684
19,1,2016-08-31,1,Dark,Outer,No,Male,968,-1.6260799564501813,19-1,-1.6218615177038684
19,1,2016-08-31,2,Dark,Outer,No,Male,968,-1.6260799564501813,19-1,-1.4744195615489712
19,1,2016-08-31,3,Dark,Outer,No,Male,968,-1.6260799564501813,19-1,-1.3269776053940743
19,1,2016-08-31,4,Dark,Outer,No,Male,968,-1.6260799564501813,19-1,-1.179535649239177
19,1,2016-08-31,5,Dark,Outer,No,Male,968,-1.6260799564501813,19-1,-1.03209369308428
19,1,2016-08-31,6,Dark,Outer,No,Male,968,-1.6260799564501813,19-1,-0.8846517369293828
19,1,2016-08-31,7,Dark,Inner,No,Male,968,-1.6260799564501813,19-1,-0.7372097807744856
19,1,2016-08-31,8,Dark,Outer,No,Male,968,-1.6260799564501813,19-1,-0.5897678246195885
19,1,2016-08-31,9,Dark,Outer,No,Male,968,-1.6260799564501813,19-1,-0.4423258684646914
19,1,2016-08-31,10,Dark,Outer,No,Male,968,-1.6260799564501813,19-1,-0.29488391230979427
19,1,2016-08-31,11,Dark,Outer,No,Male,968,-1.6260799564501813,19-1,-0.14744195615489714
19,1,2016-08-31,12,Dark,Outer,No,Male,968,-1.6260799564501813,19-1,0
19,1,2016-08-31,13,Dark,Outer,No,Male,968,-1.6260799564501813,19-1,0.14744195615489714
19,1,2016-08-31,14,Dark,Outer,No,Male,968,-1.6260799564501813,19-1,0.29488391230979427
19,1,2016-08-31,15,Dark,Outer,No,Male,968,-1.6260799564501813,19-1,0.4423258684646914
19,1,2016-08-31,16,Light,Outer,No,Male,968,-1.6260799564501813,19-1,0.5897678246195885
19,1,2016-08-31,17,Dark,Outer,No,Male,968,-1.6260799564501813,19-1,0.7372097807744856
19,1,2016-08-31,18,Dark,Outer,No,Male,968,-1.6260799564501813,19-1,0.8846517369293828
19,1,2016-08-31,19,Dark,Outer,No,Male,968,-1.6260799564501813,19-1,1.03209369308428
19,1,2016-08-31,20,Dark,Outer,No,Male,968,-1.6260799564501813,19-1,1.179535649239177
19,1,2016-08-31,21,Dark,Outer,No,Male,968,-1.6260799564501813,19-1,1.3269776053940743
19,1,2016-08-31,22,Dark,Outer,No,Male,968,-1.6260799564501813,19-1,1.4744195615489712
19,1,2016-08-31,23,Dark,Outer,No,Male,968,-1.6260799564501813,19-1,1.6218615177038684
20,1,2016-09-01,1,Dark,Outer,No,Male,1156.4,0.14076625033921905,20-1,-1.6218615177038684
20,1,2016-09-01,2,Dark,Outer,No,Male,1156.4,0.14076625033921905,20-1,-1.4744195615489712
20,1,2016-09-01,3,Dark,Outer,No,Male,1156.4,0.14076625033921905,20-1,-1.3269776053940743
20,1,2016-09-01,4,Dark,Outer,No,Male,1156.4,0.14076625033921905,20-1,-1.179535649239177
20,1,2016-09-01,5,Dark,Outer,No,Male,1156.4,0.14076625033921905,20-1,-1.03209369308428
20,1,2016-09-01,6,Dark,Outer,No,Male,1156.4,0.14076625033921905,20-1,-0.8846517369293828
20,1,2016-09-01,7,Dark,Outer,No,Male,1156.4,0.14076625033921905,20-1,-0.7372097807744856
20,1,2016-09-01,8,Dark,Outer,No,Male,1156.4,0.14076625033921905,20-1,-0.5897678246195885
20,1,2016-09-01,9,Dark,Outer,No,Male,1156.4,0.14076625033921905,20-1,-0.4423258684646914
20,1,2016-09-01,10,Dark,Outer,No,Male,1156.4,0.14076625033921905,20-1,-0.29488391230979427
20,1,2016-09-01,11,Dark,Outer,No,Male,1156.4,0.14076625033921905,20-1,-0.14744195615489714
20,1,2016-09-01,12,Dark,Outer,No,Male,1156.4,0.14076625033921905,20-1,0
20,1,2016-09-01,13,Dark,Outer,No,Male,1156.4,0.14076625033921905,20-1,0.14744195615489714
20,1,2016-09-01,14,Dark,Outer,No,Male,1156.4,0.14076625033921905,20-1,0.29488391230979427
20,1,2016-09-01,15,Dark,Outer,No,Male,1156.4,0.14076625033921905,20-1,0.4423258684646914
20,1,2016-09-01,16,Dark,Outer,No,Male,1156.4,0.14076625033921905,20-1,0.5897678246195885
20,1,2016-09-01,17,Dark,Outer,No,Male,1156.4,0.14076625033921905,20-1,0.7372097807744856
20,1,2016-09-01,18,Dark,Inner,No,Male,1156.4,0.14076625033921905,20-1,0.8846517369293828
20,1,2016-09-01,19,Dark,Outer,No,Male,1156.4,0.14076625033921905,20-1,1.03209369308428
20,1,2016-09-01,20,Light,Outer,No,Male,1156.4,0.14076625033921905,20-1,1.179535649239177
20,1,2016-09-01,21,Dark,Outer,No,Male,1156.4,0.14076625033921905,20-1,1.3269776053940743
20,1,2016-09-01,22,Dark,Outer,No,Male,1156.4,0.14076625033921905,20-1,1.4744195615489712
20,1,2016-09-01,23,Dark,Outer,No,Male,1156.4,0.14076625033921905,20-1,1.6218615177038684
1,2,2016-09-06,1,Light,Outer,No,Male,1182.9,0.3892876116976006,1-2,-1.6218615177038684
1,2,2016-09-06,2,Dark,Inner,No,Male,1182.9,0.3892876116976006,1-2,-1.4744195615489712
1,2,2016-09-06,3,Dark,Outer,No,Male,1182.9,0.3892876116976006,1-2,-1.3269776053940743
1,2,2016-09-06,4,Dark,Inner,No,Male,1182.9,0.3892876116976006,1-2,-1.179535649239177
1,2,2016-09-06,5,Light,Inner,No,Male,1182.9,0.3892876116976006,1-2,-1.03209369308428
1,2,2016-09-06,6,Dark,Inner,No,Male,1182.9,0.3892876116976006,1-2,-0.8846517369293828
1,2,2016-09-06,7,Dark,Inner,No,Male,1182.9,0.3892876116976006,1-2,-0.7372097807744856
1,2,2016-09-06,8,Dark,Inner,No,Male,1182.9,0.3892876116976006,1-2,-0.5897678246195885
1,2,2016-09-06,9,Dark,Inner,No,Male,1182.9,0.3892876116976006,1-2,-0.4423258684646914
1,2,2016-09-06,10,Dark,Outer,No,Male,1182.9,0.3892876116976006,1-2,-0.29488391230979427
1,2,2016-09-06,11,Dark,Inner,No,Male,1182.9,0.3892876116976006,1-2,-0.14744195615489714
1,2,2016-09-06,12,Dark,Inner,No,Male,1182.9,0.3892876116976006,1-2,0
1,2,2016-09-06,13,Dark,Inner,No,Male,1182.9,0.3892876116976006,1-2,0.14744195615489714
1,2,2016-09-06,14,Dark,Inner,No,Male,1182.9,0.3892876116976006,1-2,0.29488391230979427
1,2,2016-09-06,15,Dark,Inner,No,Male,1182.9,0.3892876116976006,1-2,0.4423258684646914
1,2,2016-09-06,16,Dark,Inner,No,Male,1182.9,0.3892876116976006,1-2,0.5897678246195885
1,2,2016-09-06,17,Dark,Outer,No,Male,1182.9,0.3892876116976006,1-2,0.7372097807744856
1,2,2016-09-06,18,Light,Outer,No,Male,1182.9,0.3892876116976006,1-2,0.8846517369293828
1,2,2016-09-06,19,Dark,Inner,No,Male,1182.9,0.3892876116976006,1-2,1.03209369308428
1,2,2016-09-06,20,Dark,Outer,No,Male,1182.9,0.3892876116976006,1-2,1.179535649239177
1,2,2016-09-06,21,Dark,Outer,No,Male,1182.9,0.3892876116976006,1-2,1.3269776053940743
1,2,2016-09-06,22,Light,Outer,No,Male,1182.9,0.3892876116976006,1-2,1.4744195615489712
1,2,2016-09-06,23,Dark,Inner,No,Male,1182.9,0.3892876116976006,1-2,1.6218615177038684
2,2,2016-09-26,1,Light,Inner,No,Male,1096.5,-0.42098580797651974,2-2,-1.6218615177038684
2,2,2016-09-26,2,Light,Outer,Yes,Male,1096.5,-0.42098580797651974,2-2,-1.4744195615489712
2,2,2016-09-26,3,Light,Inner,No,Male,1096.5,-0.42098580797651974,2-2,-1.3269776053940743
2,2,2016-09-26,4,Dark,Inner,No,Male,1096.5,-0.42098580797651974,2-2,-1.179535649239177
2,2,2016-09-26,5,Dark,Inner,No,Male,1096.5,-0.42098580797651974,2-2,-1.03209369308428
2,2,2016-09-26,6,Light,Outer,No,Male,1096.5,-0.42098580797651974,2-2,-0.8846517369293828
2,2,2016-09-26,7,Dark,Outer,No,Male,1096.5,-0.42098580797651974,2-2,-0.7372097807744856
2,2,2016-09-26,8,Dark,Outer,No,Male,1096.5,-0.42098580797651974,2-2,-0.5897678246195885
2,2,2016-09-26,9,Dark,Outer,No,Male,1096.5,-0.42098580797651974,2-2,-0.4423258684646914
2,2,2016-09-26,10,Dark,Inner,No,Male,1096.5,-0.42098580797651974,2-2,-0.29488391230979427
2,2,2016-09-26,11,Dark,Inner,No,Male,1096.5,-0.42098580797651974,2-2,-0.14744195615489714
2,2,2016-09-26,12,Dark,Inner,No,Male,1096.5,-0.42098580797651974,2-2,0
2,2,2016-09-26,13,Dark,Inner,No,Male,1096.5,-0.42098580797651974,2-2,0.14744195615489714
2,2,2016-09-26,14,Dark,Inner,No,Male,1096.5,-0.42098580797651974,2-2,0.29488391230979427
2,2,2016-09-26,15,Dark,Inner,No,Male,1096.5,-0.42098580797651974,2-2,0.4423258684646914
2,2,2016-09-26,16,Dark,Inner,No,Male,1096.5,-0.42098580797651974,2-2,0.5897678246195885
2,2,2016-09-26,17,Dark,Inner,No,Male,1096.5,-0.42098580797651974,2-2,0.7372097807744856
2,2,2016-09-26,18,Dark,Inner,No,Male,1096.5,-0.42098580797651974,2-2,0.8846517369293828
2,2,2016-09-26,19,Dark,Inner,No,Male,1096.5,-0.42098580797651974,2-2,1.03209369308428
2,2,2016-09-26,20,Dark,Inner,No,Male,1096.5,-0.42098580797651974,2-2,1.179535649239177
2,2,2016-09-26,21,Dark,Inner,No,Male,1096.5,-0.42098580797651974,2-2,1.3269776053940743
2,2,2016-09-26,22,Dark,Inner,No,Male,1096.5,-0.42098580797651974,2-2,1.4744195615489712
2,2,2016-09-26,23,Dark,Outer,No,Male,1096.5,-0.42098580797651974,2-2,1.6218615177038684
3,2,2016-09-07,1,Dark,Outer,No,Female,1131.7,-0.09087441477595211,3-2,-1.6218615177038684
3,2,2016-09-07,2,Dark,Inner,No,Female,1131.7,-0.09087441477595211,3-2,-1.4744195615489712
3,2,2016-09-07,3,Dark,Outer,No,Female,1131.7,-0.09087441477595211,3-2,-1.3269776053940743
3,2,2016-09-07,4,Dark,Outer,No,Female,1131.7,-0.09087441477595211,3-2,-1.179535649239177
3,2,2016-09-07,5,Dark,Inner,No,Female,1131.7,-0.09087441477595211,3-2,-1.03209369308428
3,2,2016-09-07,6,Dark,Inner,Yes,Female,1131.7,-0.09087441477595211,3-2,-0.8846517369293828
3,2,2016-09-07,7,Dark,Inner,No,Female,1131.7,-0.09087441477595211,3-2,-0.7372097807744856
3,2,2016-09-07,8,Dark,Inner,No,Female,1131.7,-0.09087441477595211,3-2,-0.5897678246195885
3,2,2016-09-07,9,Light,Inner,No,Female,1131.7,-0.09087441477595211,3-2,-0.4423258684646914
3,2,2016-09-07,10,Dark,Inner,Yes,Female,1131.7,-0.09087441477595211,3-2,-0.29488391230979427
3,2,2016-09-07,11,Dark,Inner,No,Female,1131.7,-0.09087441477595211,3-2,-0.14744195615489714
3,2,2016-09-07,12,Dark,Inner,Yes,Female,1131.7,-0.09087441477595211,3-2,0
3,2,2016-09-07,13,Dark,Outer,No,Female,1131.7,-0.09087441477595211,3-2,0.14744195615489714
3,2,2016-09-07,14,Dark,Outer,Yes,Female,1131.7,-0.09087441477595211,3-2,0.29488391230979427
3,2,2016-09-07,15,Dark,Outer,No,Female,1131.7,-0.09087441477595211,3-2,0.4423258684646914
3,2,2016-09-07,16,Dark,Inner,Yes,Female,1131.7,-0.09087441477595211,3-2,0.5897678246195885
3,2,2016-09-07,17,Dark,Inner,Yes,Female,1131.7,-0.09087441477595211,3-2,0.7372097807744856
3,2,2016-09-07,18,Dark,Inner,Yes,Female,1131.7,-0.09087441477595211,3-2,0.8846517369293828
3,2,2016-09-07,19,Dark,Inner,Yes,Female,1131.7,-0.09087441477595211,3-2,1.03209369308428
3,2,2016-09-07,20,Dark,Inner,Yes,Female,1131.7,-0.09087441477595211,3-2,1.179535649239177
3,2,2016-09-07,21,Dark,Inner,Yes,Female,1131.7,-0.09087441477595211,3-2,1.3269776053940743
3,2,2016-09-07,22,Dark,Inner,Yes,Female,1131.7,-0.09087441477595211,3-2,1.4744195615489712
3,2,2016-09-07,23,Dark,Inner,Yes,Female,1131.7,-0.09087441477595211,3-2,1.6218615177038684
4,2,2016-09-09,1,Dark,Outer,No,Female,1024.6,-1.0952758412469974,4-2,-1.6218615177038684
4,2,2016-09-09,2,Dark,Outer,No,Female,1024.6,-1.0952758412469974,4-2,-1.4744195615489712
4,2,2016-09-09,3,Dark,Inner,No,Female,1024.6,-1.0952758412469974,4-2,-1.3269776053940743
4,2,2016-09-09,4,Dark,Outer,No,Female,1024.6,-1.0952758412469974,4-2,-1.179535649239177
4,2,2016-09-09,5,Dark,Outer,No,Female,1024.6,-1.0952758412469974,4-2,-1.03209369308428
4,2,2016-09-09,6,Dark,Inner,Yes,Female,1024.6,-1.0952758412469974,4-2,-0.8846517369293828
4,2,2016-09-09,7,Dark,Outer,No,Female,1024.6,-1.0952758412469974,4-2,-0.7372097807744856
4,2,2016-09-09,8,Dark,Outer,No,Female,1024.6,-1.0952758412469974,4-2,-0.5897678246195885
4,2,2016-09-09,9,Dark,Outer,No,Female,1024.6,-1.0952758412469974,4-2,-0.4423258684646914
4,2,2016-09-09,10,Dark,Outer,No,Female,1024.6,-1.0952758412469974,4-2,-0.29488391230979427
4,2,2016-09-09,11,Dark,Outer,No,Female,1024.6,-1.0952758412469974,4-2,-0.14744195615489714
4,2,2016-09-09,12,Light,Inner,No,Female,1024.6,-1.0952758412469974,4-2,0
4,2,2016-09-09,13,Dark,Inner,Yes,Female,1024.6,-1.0952758412469974,4-2,0.14744195615489714
4,2,2016-09-09,14,Dark,Outer,No,Female,1024.6,-1.0952758412469974,4-2,0.29488391230979427
4,2,2016-09-09,15,Dark,Inner,Yes,Female,1024.6,-1.0952758412469974,4-2,0.4423258684646914
4,2,2016-09-09,16,Dark,Inner,Yes,Female,1024.6,-1.0952758412469974,4-2,0.5897678246195885
4,2,2016-09-09,17,Dark,Inner,Yes,Female,1024.6,-1.0952758412469974,4-2,0.7372097807744856
4,2,2016-09-09,18,Dark,Inner,Yes,Female,1024.6,-1.0952758412469974,4-2,0.8846517369293828
4,2,2016-09-09,19,Dark,Inner,Yes,Female,1024.6,-1.0952758412469974,4-2,1.03209369308428
4,2,2016-09-09,20,Dark,Inner,Yes,Female,1024.6,-1.0952758412469974,4-2,1.179535649239177
4,2,2016-09-09,21,Dark,Inner,Yes,Female,1024.6,-1.0952758412469974,4-2,1.3269776053940743
4,2,2016-09-09,22,Dark,Inner,Yes,Female,1024.6,-1.0952758412469974,4-2,1.4744195615489712
4,2,2016-09-09,23,Dark,Inner,Yes,Female,1024.6,-1.0952758412469974,4-2,1.6218615177038684
5,2,2016-09-09,1,Light,Outer,No,Female,1050.8,-0.8495679292624838,5-2,-1.6218615177038684
5,2,2016-09-09,2,Light,Outer,No,Female,1050.8,-0.8495679292624838,5-2,-1.4744195615489712
5,2,2016-09-09,3,Light,Outer,No,Female,1050.8,-0.8495679292624838,5-2,-1.3269776053940743
5,2,2016-09-09,4,Light,Outer,No,Female,1050.8,-0.8495679292624838,5-2,-1.179535649239177
5,2,2016-09-09,5,Light,Outer,No,Female,1050.8,-0.8495679292624838,5-2,-1.03209369308428
5,2,2016-09-09,6,Light,Outer,No,Female,1050.8,-0.8495679292624838,5-2,-0.8846517369293828
5,2,2016-09-09,7,Light,Outer,No,Female,1050.8,-0.8495679292624838,5-2,-0.7372097807744856
5,2,2016-09-09,8,Light,Outer,No,Female,1050.8,-0.8495679292624838,5-2,-0.5897678246195885
5,2,2016-09-09,9,Light,Outer,No,Female,1050.8,-0.8495679292624838,5-2,-0.4423258684646914
5,2,2016-09-09,10,Light,Outer,No,Female,1050.8,-0.8495679292624838,5-2,-0.29488391230979427
5,2,2016-09-09,11,Light,Outer,No,Female,1050.8,-0.8495679292624838,5-2,-0.14744195615489714
5,2,2016-09-09,12,Light,Outer,No,Female,1050.8,-0.8495679292624838,5-2,0
5,2,2016-09-09,13,Light,Outer,No,Female,1050.8,-0.8495679292624838,5-2,0.14744195615489714
5,2,2016-09-09,14,Light,Outer,No,Female,1050.8,-0.8495679292624838,5-2,0.29488391230979427
5,2,2016-09-09,15,Light,Outer,No,Female,1050.8,-0.8495679292624838,5-2,0.4423258684646914
5,2,2016-09-09,16,Light,Outer,No,Female,1050.8,-0.8495679292624838,5-2,0.5897678246195885
5,2,2016-09-09,17,Light,Outer,No,Female,1050.8,-0.8495679292624838,5-2,0.7372097807744856
5,2,2016-09-09,18,Light,Outer,No,Female,1050.8,-0.8495679292624838,5-2,0.8846517369293828
5,2,2016-09-09,19,Light,Outer,No,Female,1050.8,-0.8495679292624838,5-2,1.03209369308428
5,2,2016-09-09,20,Light,Outer,No,Female,1050.8,-0.8495679292624838,5-2,1.179535649239177
5,2,2016-09-09,21,Light,Outer,No,Female,1050.8,-0.8495679292624838,5-2,1.3269776053940743
5,2,2016-09-09,22,Light,Outer,No,Female,1050.8,-0.8495679292624838,5-2,1.4744195615489712
5,2,2016-09-09,23,Light,Outer,No,Female,1050.8,-0.8495679292624838,5-2,1.6218615177038684
6,2,2016-09-11,1,Dark,Outer,No,Male,1142.4,0.0094719462253571,6-2,-1.6218615177038684
6,2,2016-09-11,2,Dark,Outer,No,Male,1142.4,0.0094719462253571,6-2,-1.4744195615489712
6,2,2016-09-11,3,Dark,Outer,No,Male,1142.4,0.0094719462253571,6-2,-1.3269776053940743
6,2,2016-09-11,4,Dark,Outer,No,Male,1142.4,0.0094719462253571,6-2,-1.179535649239177
6,2,2016-09-11,5,Dark,Outer,No,Male,1142.4,0.0094719462253571,6-2,-1.03209369308428
6,2,2016-09-11,6,Light,Outer,No,Male,1142.4,0.0094719462253571,6-2,-0.8846517369293828
6,2,2016-09-11,7,Dark,Outer,No,Male,1142.4,0.0094719462253571,6-2,-0.7372097807744856
6,2,2016-09-11,8,Dark,Inner,No,Male,1142.4,0.0094719462253571,6-2,-0.5897678246195885
6,2,2016-09-11,9,Light,Inner,No,Male,1142.4,0.0094719462253571,6-2,-0.4423258684646914
6,2,2016-09-11,10,Dark,Outer,No,Male,1142.4,0.0094719462253571,6-2,-0.29488391230979427
6,2,2016-09-11,11,Dark,Outer,No,Male,1142.4,0.0094719462253571,6-2,-0.14744195615489714
6,2,2016-09-11,12,Light,Outer,Yes,Male,1142.4,0.0094719462253571,6-2,0
6,2,2016-09-11,13,Light,Outer,Yes,Male,1142.4,0.0094719462253571,6-2,0.14744195615489714
6,2,2016-09-11,14,Light,Outer,Yes,Male,1142.4,0.0094719462253571,6-2,0.29488391230979427
6,2,2016-09-11,15,Light,Outer,Yes,Male,1142.4,0.0094719462253571,6-2,0.4423258684646914
6,2,2016-09-11,16,Dark,Outer,No,Male,1142.4,0.0094719462253571,6-2,0.5897678246195885
6,2,2016-09-11,17,NA,NA,NA,Male,1142.4,0.0094719462253571,6-2,0.7372097807744856
6,2,2016-09-11,18,NA,NA,NA,Male,1142.4,0.0094719462253571,6-2,0.8846517369293828
6,2,2016-09-11,19,NA,NA,NA,Male,1142.4,0.0094719462253571,6-2,1.03209369308428
6,2,2016-09-11,20,Light,Outer,Yes,Male,1142.4,0.0094719462253571,6-2,1.179535649239177
6,2,2016-09-11,21,Light,Outer,Yes,Male,1142.4,0.0094719462253571,6-2,1.3269776053940743
6,2,2016-09-11,22,Light,Outer,Yes,Male,1142.4,0.0094719462253571,6-2,1.4744195615489712
6,2,2016-09-11,23,Light,Outer,Yes,Male,1142.4,0.0094719462253571,6-2,1.6218615177038684
7,2,2016-09-12,1,Light,Inner,No,Male,959.6,-1.7048565389184982,7-2,-1.6218615177038684
7,2,2016-09-12,2,Dark,Outer,No,Male,959.6,-1.7048565389184982,7-2,-1.4744195615489712
7,2,2016-09-12,3,Dark,Outer,No,Male,959.6,-1.7048565389184982,7-2,-1.3269776053940743
7,2,2016-09-12,4,Dark,Outer,No,Male,959.6,-1.7048565389184982,7-2,-1.179535649239177
7,2,2016-09-12,5,Dark,Inner,No,Male,959.6,-1.7048565389184982,7-2,-1.03209369308428
7,2,2016-09-12,6,Dark,Outer,No,Male,959.6,-1.7048565389184982,7-2,-0.8846517369293828
7,2,2016-09-12,7,Dark,Outer,No,Male,959.6,-1.7048565389184982,7-2,-0.7372097807744856
7,2,2016-09-12,8,Light,Outer,No,Male,959.6,-1.7048565389184982,7-2,-0.5897678246195885
7,2,2016-09-12,9,Light,Outer,No,Male,959.6,-1.7048565389184982,7-2,-0.4423258684646914
7,2,2016-09-12,10,Light,Outer,No,Male,959.6,-1.7048565389184982,7-2,-0.29488391230979427
7,2,2016-09-12,11,Light,Outer,No,Male,959.6,-1.7048565389184982,7-2,-0.14744195615489714
7,2,2016-09-12,12,Dark,Outer,No,Male,959.6,-1.7048565389184982,7-2,0
7,2,2016-09-12,13,Light,Outer,No,Male,959.6,-1.7048565389184982,7-2,0.14744195615489714
7,2,2016-09-12,14,Light,Outer,No,Male,959.6,-1.7048565389184982,7-2,0.29488391230979427
7,2,2016-09-12,15,Dark,Outer,No,Male,959.6,-1.7048565389184982,7-2,0.4423258684646914
7,2,2016-09-12,16,Light,Outer,No,Male,959.6,-1.7048565389184982,7-2,0.5897678246195885
7,2,2016-09-12,17,Light,Outer,No,Male,959.6,-1.7048565389184982,7-2,0.7372097807744856
7,2,2016-09-12,18,Light,Outer,No,Male,959.6,-1.7048565389184982,7-2,0.8846517369293828
7,2,2016-09-12,19,Light,Outer,No,Male,959.6,-1.7048565389184982,7-2,1.03209369308428
7,2,2016-09-12,20,Light,Outer,No,Male,959.6,-1.7048565389184982,7-2,1.179535649239177
7,2,2016-09-12,21,Dark,Outer,No,Male,959.6,-1.7048565389184982,7-2,1.3269776053940743
7,2,2016-09-12,22,Light,Outer,No,Male,959.6,-1.7048565389184982,7-2,1.4744195615489712
7,2,2016-09-12,23,Dark,Outer,No,Male,959.6,-1.7048565389184982,7-2,1.6218615177038684
8,2,2016-09-13,1,Dark,Inner,No,Female,1198.8,0.5384004285126283,8-2,-1.6218615177038684
8,2,2016-09-13,2,Dark,Inner,No,Female,1198.8,0.5384004285126283,8-2,-1.4744195615489712
8,2,2016-09-13,3,Light,Inner,No,Female,1198.8,0.5384004285126283,8-2,-1.3269776053940743
8,2,2016-09-13,4,Dark,Inner,No,Female,1198.8,0.5384004285126283,8-2,-1.179535649239177
8,2,2016-09-13,5,Dark,Inner,No,Female,1198.8,0.5384004285126283,8-2,-1.03209369308428
8,2,2016-09-13,6,Light,Outer,No,Female,1198.8,0.5384004285126283,8-2,-0.8846517369293828
8,2,2016-09-13,7,Dark,Inner,No,Female,1198.8,0.5384004285126283,8-2,-0.7372097807744856
8,2,2016-09-13,8,Dark,Inner,No,Female,1198.8,0.5384004285126283,8-2,-0.5897678246195885
8,2,2016-09-13,9,Dark,Inner,No,Female,1198.8,0.5384004285126283,8-2,-0.4423258684646914
8,2,2016-09-13,10,Dark,Inner,No,Female,1198.8,0.5384004285126283,8-2,-0.29488391230979427
8,2,2016-09-13,11,Dark,Inner,No,Female,1198.8,0.5384004285126283,8-2,-0.14744195615489714
8,2,2016-09-13,12,Dark,Inner,No,Female,1198.8,0.5384004285126283,8-2,0
8,2,2016-09-13,13,Dark,Inner,No,Female,1198.8,0.5384004285126283,8-2,0.14744195615489714
8,2,2016-09-13,14,Dark,Inner,No,Female,1198.8,0.5384004285126283,8-2,0.29488391230979427
8,2,2016-09-13,15,Dark,Inner,No,Female,1198.8,0.5384004285126283,8-2,0.4423258684646914
8,2,2016-09-13,16,Dark,Outer,No,Female,1198.8,0.5384004285126283,8-2,0.5897678246195885
8,2,2016-09-13,17,Dark,Inner,No,Female,1198.8,0.5384004285126283,8-2,0.7372097807744856
8,2,2016-09-13,18,Dark,Outer,No,Female,1198.8,0.5384004285126283,8-2,0.8846517369293828
8,2,2016-09-13,19,Dark,Outer,No,Female,1198.8,0.5384004285126283,8-2,1.03209369308428
8,2,2016-09-13,20,Dark,Outer,No,Female,1198.8,0.5384004285126283,8-2,1.179535649239177
8,2,2016-09-13,21,Dark,Outer,No,Female,1198.8,0.5384004285126283,8-2,1.3269776053940743
8,2,2016-09-13,22,Light,Inner,No,Female,1198.8,0.5384004285126283,8-2,1.4744195615489712
8,2,2016-09-13,23,Dark,Outer,No,Female,1198.8,0.5384004285126283,8-2,1.6218615177038684
9,2,2016-09-14,1,Dark,Inner,No,Male,1080.4,-0.5719742577074601,9-2,-1.6218615177038684
9,2,2016-09-14,2,Dark,Inner,No,Male,1080.4,-0.5719742577074601,9-2,-1.4744195615489712
9,2,2016-09-14,3,Dark,Inner,No,Male,1080.4,-0.5719742577074601,9-2,-1.3269776053940743
9,2,2016-09-14,4,Light,Outer,No,Male,1080.4,-0.5719742577074601,9-2,-1.179535649239177
9,2,2016-09-14,5,Light,Inner,No,Male,1080.4,-0.5719742577074601,9-2,-1.03209369308428
9,2,2016-09-14,6,Dark,Outer,No,Male,1080.4,-0.5719742577074601,9-2,-0.8846517369293828
9,2,2016-09-14,7,Dark,Outer,No,Male,1080.4,-0.5719742577074601,9-2,-0.7372097807744856
9,2,2016-09-14,8,Dark,Outer,No,Male,1080.4,-0.5719742577074601,9-2,-0.5897678246195885
9,2,2016-09-14,9,Dark,Outer,No,Male,1080.4,-0.5719742577074601,9-2,-0.4423258684646914
9,2,2016-09-14,10,Dark,Outer,No,Male,1080.4,-0.5719742577074601,9-2,-0.29488391230979427
9,2,2016-09-14,11,Dark,Inner,Yes,Male,1080.4,-0.5719742577074601,9-2,-0.14744195615489714
9,2,2016-09-14,12,Dark,Inner,Yes,Male,1080.4,-0.5719742577074601,9-2,0
9,2,2016-09-14,13,Dark,Inner,Yes,Male,1080.4,-0.5719742577074601,9-2,0.14744195615489714
9,2,2016-09-14,14,Light,Outer,No,Male,1080.4,-0.5719742577074601,9-2,0.29488391230979427
9,2,2016-09-14,15,Dark,Inner,Yes,Male,1080.4,-0.5719742577074601,9-2,0.4423258684646914
9,2,2016-09-14,16,Dark,Inner,Yes,Male,1080.4,-0.5719742577074601,9-2,0.5897678246195885
9,2,2016-09-14,17,Dark,Inner,No,Male,1080.4,-0.5719742577074601,9-2,0.7372097807744856
9,2,2016-09-14,18,Dark,Outer,No,Male,1080.4,-0.5719742577074601,9-2,0.8846517369293828
9,2,2016-09-14,19,Dark,Outer,No,Male,1080.4,-0.5719742577074601,9-2,1.03209369308428
9,2,2016-09-14,20,Dark,Inner,Yes,Male,1080.4,-0.5719742577074601,9-2,1.179535649239177
9,2,2016-09-14,21,Dark,Inner,Yes,Male,1080.4,-0.5719742577074601,9-2,1.3269776053940743
9,2,2016-09-14,22,Dark,Inner,Yes,Male,1080.4,-0.5719742577074601,9-2,1.4744195615489712
9,2,2016-09-14,23,Dark,Inner,Yes,Male,1080.4,-0.5719742577074601,9-2,1.6218615177038684
10,2,2016-09-15,1,Dark,Outer,No,Female,1093.4,-0.45005811817315977,10-2,-1.6218615177038684
10,2,2016-09-15,2,Dark,Outer,No,Female,1093.4,-0.45005811817315977,10-2,-1.4744195615489712
10,2,2016-09-15,3,Dark,Inner,No,Female,1093.4,-0.45005811817315977,10-2,-1.3269776053940743
10,2,2016-09-15,4,Dark,Outer,No,Female,1093.4,-0.45005811817315977,10-2,-1.179535649239177
10,2,2016-09-15,5,Light,Outer,No,Female,1093.4,-0.45005811817315977,10-2,-1.03209369308428
10,2,2016-09-15,6,Light,Outer,No,Female,1093.4,-0.45005811817315977,10-2,-0.8846517369293828
10,2,2016-09-15,7,Dark,Inner,No,Female,1093.4,-0.45005811817315977,10-2,-0.7372097807744856
10,2,2016-09-15,8,Dark,Inner,No,Female,1093.4,-0.45005811817315977,10-2,-0.5897678246195885
10,2,2016-09-15,9,Dark,Outer,No,Female,1093.4,-0.45005811817315977,10-2,-0.4423258684646914
10,2,2016-09-15,10,Dark,Outer,No,Female,1093.4,-0.45005811817315977,10-2,-0.29488391230979427
10,2,2016-09-15,11,Dark,Outer,No,Female,1093.4,-0.45005811817315977,10-2,-0.14744195615489714
10,2,2016-09-15,12,Dark,Outer,No,Female,1093.4,-0.45005811817315977,10-2,0
10,2,2016-09-15,13,NA,NA,NA,Female,1093.4,-0.45005811817315977,10-2,0.14744195615489714
10,2,2016-09-15,14,NA,NA,NA,Female,1093.4,-0.45005811817315977,10-2,0.29488391230979427
10,2,2016-09-15,15,NA,NA,NA,Female,1093.4,-0.45005811817315977,10-2,0.4423258684646914
10,2,2016-09-15,16,Dark,Outer,No,Female,1093.4,-0.45005811817315977,10-2,0.5897678246195885
10,2,2016-09-15,17,Dark,Outer,No,Female,1093.4,-0.45005811817315977,10-2,0.7372097807744856
10,2,2016-09-15,18,Dark,Outer,No,Female,1093.4,-0.45005811817315977,10-2,0.8846517369293828
10,2,2016-09-15,19,Dark,Outer,No,Female,1093.4,-0.45005811817315977,10-2,1.03209369308428
10,2,2016-09-15,20,Dark,Outer,No,Female,1093.4,-0.45005811817315977,10-2,1.179535649239177
10,2,2016-09-15,21,Dark,Outer,No,Female,1093.4,-0.45005811817315977,10-2,1.3269776053940743
10,2,2016-09-15,22,Dark,Outer,No,Female,1093.4,-0.45005811817315977,10-2,1.4744195615489712
10,2,2016-09-15,23,Dark,Outer,No,Female,1093.4,-0.45005811817315977,10-2,1.6218615177038684
11,2,2016-09-16,1,Dark,Inner,No,Female,1319.5,1.6703448932657101,11-2,-1.6218615177038684
11,2,2016-09-16,2,Dark,Inner,No,Female,1319.5,1.6703448932657101,11-2,-1.4744195615489712
11,2,2016-09-16,3,Dark,Outer,No,Female,1319.5,1.6703448932657101,11-2,-1.3269776053940743
11,2,2016-09-16,4,Dark,Outer,No,Female,1319.5,1.6703448932657101,11-2,-1.179535649239177
11,2,2016-09-16,5,Dark,Outer,No,Female,1319.5,1.6703448932657101,11-2,-1.03209369308428
11,2,2016-09-16,6,Dark,Outer,No,Female,1319.5,1.6703448932657101,11-2,-0.8846517369293828
11,2,2016-09-16,7,Dark,Outer,No,Female,1319.5,1.6703448932657101,11-2,-0.7372097807744856
11,2,2016-09-16,8,Dark,Outer,No,Female,1319.5,1.6703448932657101,11-2,-0.5897678246195885
11,2,2016-09-16,9,Light,Outer,Yes,Female,1319.5,1.6703448932657101,11-2,-0.4423258684646914
11,2,2016-09-16,10,Light,Outer,Yes,Female,1319.5,1.6703448932657101,11-2,-0.29488391230979427
11,2,2016-09-16,11,Light,Outer,Yes,Female,1319.5,1.6703448932657101,11-2,-0.14744195615489714
11,2,2016-09-16,12,Light,Outer,Yes,Female,1319.5,1.6703448932657101,11-2,0
11,2,2016-09-16,13,Light,Outer,Yes,Female,1319.5,1.6703448932657101,11-2,0.14744195615489714
11,2,2016-09-16,14,Light,Outer,Yes,Female,1319.5,1.6703448932657101,11-2,0.29488391230979427
11,2,2016-09-16,15,Light,Outer,Yes,Female,1319.5,1.6703448932657101,11-2,0.4423258684646914
11,2,2016-09-16,16,Light,Outer,Yes,Female,1319.5,1.6703448932657101,11-2,0.5897678246195885
11,2,2016-09-16,17,Light,Outer,Yes,Female,1319.5,1.6703448932657101,11-2,0.7372097807744856
11,2,2016-09-16,18,NA,NA,NA,Female,1319.5,1.6703448932657101,11-2,0.8846517369293828
11,2,2016-09-16,19,Light,Outer,Yes,Female,1319.5,1.6703448932657101,11-2,1.03209369308428
11,2,2016-09-16,20,Light,Outer,Yes,Female,1319.5,1.6703448932657101,11-2,1.179535649239177
11,2,2016-09-16,21,Light,Outer,Yes,Female,1319.5,1.6703448932657101,11-2,1.3269776053940743
11,2,2016-09-16,22,Light,Outer,Yes,Female,1319.5,1.6703448932657101,11-2,1.4744195615489712
11,2,2016-09-16,23,Light,Outer,Yes,Female,1319.5,1.6703448932657101,11-2,1.6218615177038684
12,2,2016-09-17,1,Dark,Outer,No,Male,1090,-0.4819438777436699,12-2,-1.6218615177038684
12,2,2016-09-17,2,Dark,Outer,No,Male,1090,-0.4819438777436699,12-2,-1.4744195615489712
12,2,2016-09-17,3,Dark,Outer,No,Male,1090,-0.4819438777436699,12-2,-1.3269776053940743
12,2,2016-09-17,4,Dark,Outer,No,Male,1090,-0.4819438777436699,12-2,-1.179535649239177
12,2,2016-09-17,5,Light,Outer,No,Male,1090,-0.4819438777436699,12-2,-1.03209369308428
12,2,2016-09-17,6,Light,Outer,No,Male,1090,-0.4819438777436699,12-2,-0.8846517369293828
12,2,2016-09-17,7,Dark,Outer,No,Male,1090,-0.4819438777436699,12-2,-0.7372097807744856
12,2,2016-09-17,8,Light,Outer,No,Male,1090,-0.4819438777436699,12-2,-0.5897678246195885
12,2,2016-09-17,9,Dark,Outer,No,Male,1090,-0.4819438777436699,12-2,-0.4423258684646914
12,2,2016-09-17,10,Dark,Outer,No,Male,1090,-0.4819438777436699,12-2,-0.29488391230979427
12,2,2016-09-17,11,Light,Inner,No,Male,1090,-0.4819438777436699,12-2,-0.14744195615489714
12,2,2016-09-17,12,Light,Outer,No,Male,1090,-0.4819438777436699,12-2,0
12,2,2016-09-17,13,Light,Outer,No,Male,1090,-0.4819438777436699,12-2,0.14744195615489714
12,2,2016-09-17,14,Light,Outer,No,Male,1090,-0.4819438777436699,12-2,0.29488391230979427
12,2,2016-09-17,15,Light,Outer,No,Male,1090,-0.4819438777436699,12-2,0.4423258684646914
12,2,2016-09-17,16,Light,Outer,No,Male,1090,-0.4819438777436699,12-2,0.5897678246195885
12,2,2016-09-17,17,Light,Outer,No,Male,1090,-0.4819438777436699,12-2,0.7372097807744856
12,2,2016-09-17,18,Light,Outer,No,Male,1090,-0.4819438777436699,12-2,0.8846517369293828
12,2,2016-09-17,19,Light,Outer,No,Male,1090,-0.4819438777436699,12-2,1.03209369308428
12,2,2016-09-17,20,Light,Outer,No,Male,1090,-0.4819438777436699,12-2,1.179535649239177
12,2,2016-09-17,21,Light,Outer,No,Male,1090,-0.4819438777436699,12-2,1.3269776053940743
12,2,2016-09-17,22,Light,Outer,No,Male,1090,-0.4819438777436699,12-2,1.4744195615489712
12,2,2016-09-17,23,Light,Outer,No,Male,1090,-0.4819438777436699,12-2,1.6218615177038684
13,2,2016-09-19,1,Light,Outer,No,Male,1124.7,-0.1565215668328831,13-2,-1.6218615177038684
13,2,2016-09-19,2,Dark,Outer,Yes,Male,1124.7,-0.1565215668328831,13-2,-1.4744195615489712
13,2,2016-09-19,3,Dark,Outer,Yes,Male,1124.7,-0.1565215668328831,13-2,-1.3269776053940743
13,2,2016-09-19,4,Light,Inner,No,Male,1124.7,-0.1565215668328831,13-2,-1.179535649239177
13,2,2016-09-19,5,Light,Outer,No,Male,1124.7,-0.1565215668328831,13-2,-1.03209369308428
13,2,2016-09-19,6,Light,Outer,No,Male,1124.7,-0.1565215668328831,13-2,-0.8846517369293828
13,2,2016-09-19,7,Light,Outer,No,Male,1124.7,-0.1565215668328831,13-2,-0.7372097807744856
13,2,2016-09-19,8,Light,Outer,No,Male,1124.7,-0.1565215668328831,13-2,-0.5897678246195885
13,2,2016-09-19,9,Light,Outer,No,Male,1124.7,-0.1565215668328831,13-2,-0.4423258684646914
13,2,2016-09-19,10,Light,Outer,No,Male,1124.7,-0.1565215668328831,13-2,-0.29488391230979427
13,2,2016-09-19,11,Dark,Outer,Yes,Male,1124.7,-0.1565215668328831,13-2,-0.14744195615489714
13,2,2016-09-19,12,Light,Outer,No,Male,1124.7,-0.1565215668328831,13-2,0
13,2,2016-09-19,13,Light,Outer,No,Male,1124.7,-0.1565215668328831,13-2,0.14744195615489714
13,2,2016-09-19,14,Light,Outer,No,Male,1124.7,-0.1565215668328831,13-2,0.29488391230979427
13,2,2016-09-19,15,Light,Outer,No,Male,1124.7,-0.1565215668328831,13-2,0.4423258684646914
13,2,2016-09-19,16,Light,Inner,No,Male,1124.7,-0.1565215668328831,13-2,0.5897678246195885
13,2,2016-09-19,17,Light,Outer,No,Male,1124.7,-0.1565215668328831,13-2,0.7372097807744856
13,2,2016-09-19,18,Light,Outer,No,Male,1124.7,-0.1565215668328831,13-2,0.8846517369293828
13,2,2016-09-19,19,Light,Outer,No,Male,1124.7,-0.1565215668328831,13-2,1.03209369308428
13,2,2016-09-19,20,Light,Outer,No,Male,1124.7,-0.1565215668328831,13-2,1.179535649239177
13,2,2016-09-19,21,Light,Outer,No,Male,1124.7,-0.1565215668328831,13-2,1.3269776053940743
13,2,2016-09-19,22,Light,Outer,No,Male,1124.7,-0.1565215668328831,13-2,1.4744195615489712
13,2,2016-09-19,23,Light,Outer,No,Male,1124.7,-0.1565215668328831,13-2,1.6218615177038684
14,2,2016-09-20,1,Dark,Outer,No,Female,1406.9,2.489996477519392,14-2,-1.6218615177038684
14,2,2016-09-20,2,Dark,Outer,No,Female,1406.9,2.489996477519392,14-2,-1.4744195615489712
14,2,2016-09-20,3,Dark,Outer,No,Female,1406.9,2.489996477519392,14-2,-1.3269776053940743
14,2,2016-09-20,4,Dark,Outer,No,Female,1406.9,2.489996477519392,14-2,-1.179535649239177
14,2,2016-09-20,5,Dark,Outer,No,Female,1406.9,2.489996477519392,14-2,-1.03209369308428
14,2,2016-09-20,6,Dark,Inner,No,Female,1406.9,2.489996477519392,14-2,-0.8846517369293828
14,2,2016-09-20,7,Dark,Outer,No,Female,1406.9,2.489996477519392,14-2,-0.7372097807744856
14,2,2016-09-20,8,Dark,Outer,No,Female,1406.9,2.489996477519392,14-2,-0.5897678246195885
14,2,2016-09-20,9,Dark,Outer,No,Female,1406.9,2.489996477519392,14-2,-0.4423258684646914
14,2,2016-09-20,10,Dark,Outer,No,Female,1406.9,2.489996477519392,14-2,-0.29488391230979427
14,2,2016-09-20,11,Dark,Outer,No,Female,1406.9,2.489996477519392,14-2,-0.14744195615489714
14,2,2016-09-20,12,Dark,Outer,No,Female,1406.9,2.489996477519392,14-2,0
14,2,2016-09-20,13,Dark,Inner,No,Female,1406.9,2.489996477519392,14-2,0.14744195615489714
14,2,2016-09-20,14,Dark,Outer,No,Female,1406.9,2.489996477519392,14-2,0.29488391230979427
14,2,2016-09-20,15,Dark,Outer,No,Female,1406.9,2.489996477519392,14-2,0.4423258684646914
14,2,2016-09-20,16,Dark,Outer,No,Female,1406.9,2.489996477519392,14-2,0.5897678246195885
14,2,2016-09-20,17,Dark,Outer,No,Female,1406.9,2.489996477519392,14-2,0.7372097807744856
14,2,2016-09-20,18,Dark,Outer,No,Female,1406.9,2.489996477519392,14-2,0.8846517369293828
14,2,2016-09-20,19,Dark,Outer,No,Female,1406.9,2.489996477519392,14-2,1.03209369308428
14,2,2016-09-20,20,Light,Outer,No,Female,1406.9,2.489996477519392,14-2,1.179535649239177
14,2,2016-09-20,21,Dark,Outer,No,Female,1406.9,2.489996477519392,14-2,1.3269776053940743
14,2,2016-09-20,22,Dark,Outer,No,Female,1406.9,2.489996477519392,14-2,1.4744195615489712
14,2,2016-09-20,23,Dark,Outer,No,Female,1406.9,2.489996477519392,14-2,1.6218615177038684
15,2,2016-09-21,1,Light,Inner,No,Male,1189,0.44649441563292536,15-2,-1.6218615177038684
15,2,2016-09-21,2,Light,Outer,No,Male,1189,0.44649441563292536,15-2,-1.4744195615489712
15,2,2016-09-21,3,Dark,Outer,No,Male,1189,0.44649441563292536,15-2,-1.3269776053940743
15,2,2016-09-21,4,Light,Outer,No,Male,1189,0.44649441563292536,15-2,-1.179535649239177
15,2,2016-09-21,5,Dark,Outer,No,Male,1189,0.44649441563292536,15-2,-1.03209369308428
15,2,2016-09-21,6,Dark,Outer,No,Male,1189,0.44649441563292536,15-2,-0.8846517369293828
15,2,2016-09-21,7,Light,Outer,No,Male,1189,0.44649441563292536,15-2,-0.7372097807744856
15,2,2016-09-21,8,Dark,Outer,No,Male,1189,0.44649441563292536,15-2,-0.5897678246195885
15,2,2016-09-21,9,Light,Outer,No,Male,1189,0.44649441563292536,15-2,-0.4423258684646914
15,2,2016-09-21,10,Dark,Outer,No,Male,1189,0.44649441563292536,15-2,-0.29488391230979427
15,2,2016-09-21,11,Light,Outer,No,Male,1189,0.44649441563292536,15-2,-0.14744195615489714
15,2,2016-09-21,12,Dark,Inner,No,Male,1189,0.44649441563292536,15-2,0
15,2,2016-09-21,13,Light,Outer,No,Male,1189,0.44649441563292536,15-2,0.14744195615489714
15,2,2016-09-21,14,Light,Outer,No,Male,1189,0.44649441563292536,15-2,0.29488391230979427
15,2,2016-09-21,15,Light,Outer,No,Male,1189,0.44649441563292536,15-2,0.4423258684646914
15,2,2016-09-21,16,Light,Outer,No,Male,1189,0.44649441563292536,15-2,0.5897678246195885
15,2,2016-09-21,17,Light,Outer,No,Male,1189,0.44649441563292536,15-2,0.7372097807744856
15,2,2016-09-21,18,Light,Outer,No,Male,1189,0.44649441563292536,15-2,0.8846517369293828
15,2,2016-09-21,19,Light,Outer,No,Male,1189,0.44649441563292536,15-2,1.03209369308428
15,2,2016-09-21,20,Light,Outer,No,Male,1189,0.44649441563292536,15-2,1.179535649239177
15,2,2016-09-21,21,Light,Outer,No,Male,1189,0.44649441563292536,15-2,1.3269776053940743
15,2,2016-09-21,22,Light,Outer,No,Male,1189,0.44649441563292536,15-2,1.4744195615489712
15,2,2016-09-21,23,Light,Outer,No,Male,1189,0.44649441563292536,15-2,1.6218615177038684
16,2,2016-09-22,1,Dark,Inner,No,Female,1256.6,1.0804583412112865,16-2,-1.6218615177038684
16,2,2016-09-22,2,Dark,Outer,No,Female,1256.6,1.0804583412112865,16-2,-1.4744195615489712
16,2,2016-09-22,3,Light,Outer,No,Female,1256.6,1.0804583412112865,16-2,-1.3269776053940743
16,2,2016-09-22,4,Dark,Outer,No,Female,1256.6,1.0804583412112865,16-2,-1.179535649239177
16,2,2016-09-22,5,Light,Outer,No,Female,1256.6,1.0804583412112865,16-2,-1.03209369308428
16,2,2016-09-22,6,Dark,Outer,No,Female,1256.6,1.0804583412112865,16-2,-0.8846517369293828
16,2,2016-09-22,7,Dark,Outer,No,Female,1256.6,1.0804583412112865,16-2,-0.7372097807744856
16,2,2016-09-22,8,Light,Outer,No,Female,1256.6,1.0804583412112865,16-2,-0.5897678246195885
16,2,2016-09-22,9,Dark,Inner,No,Female,1256.6,1.0804583412112865,16-2,-0.4423258684646914
16,2,2016-09-22,10,Dark,Outer,No,Female,1256.6,1.0804583412112865,16-2,-0.29488391230979427
16,2,2016-09-22,11,Dark,Inner,No,Female,1256.6,1.0804583412112865,16-2,-0.14744195615489714
16,2,2016-09-22,12,Dark,Inner,No,Female,1256.6,1.0804583412112865,16-2,0
16,2,2016-09-22,13,Dark,Inner,No,Female,1256.6,1.0804583412112865,16-2,0.14744195615489714
16,2,2016-09-22,14,Dark,Outer,No,Female,1256.6,1.0804583412112865,16-2,0.29488391230979427
16,2,2016-09-22,15,Dark,Outer,No,Female,1256.6,1.0804583412112865,16-2,0.4423258684646914
16,2,2016-09-22,16,Dark,Outer,No,Female,1256.6,1.0804583412112865,16-2,0.5897678246195885
16,2,2016-09-22,17,Dark,Inner,No,Female,1256.6,1.0804583412112865,16-2,0.7372097807744856
16,2,2016-09-22,18,Dark,Inner,No,Female,1256.6,1.0804583412112865,16-2,0.8846517369293828
16,2,2016-09-22,19,Dark,Inner,No,Female,1256.6,1.0804583412112865,16-2,1.03209369308428
16,2,2016-09-22,20,Dark,Inner,No,Female,1256.6,1.0804583412112865,16-2,1.179535649239177
16,2,2016-09-22,21,Dark,Inner,No,Female,1256.6,1.0804583412112865,16-2,1.3269776053940743
16,2,2016-09-22,22,Light,Outer,No,Female,1256.6,1.0804583412112865,16-2,1.4744195615489712
16,2,2016-09-22,23,Dark,Inner,No,Female,1256.6,1.0804583412112865,16-2,1.6218615177038684
17,2,2016-09-24,1,Light,Inner,No,Female,1172.7,0.2936303329860722,17-2,-1.6218615177038684
17,2,2016-09-24,2,Dark,Outer,No,Female,1172.7,0.2936303329860722,17-2,-1.4744195615489712
17,2,2016-09-24,3,Dark,Outer,No,Female,1172.7,0.2936303329860722,17-2,-1.3269776053940743
17,2,2016-09-24,4,Dark,Outer,No,Female,1172.7,0.2936303329860722,17-2,-1.179535649239177
17,2,2016-09-24,5,Dark,Outer,No,Female,1172.7,0.2936303329860722,17-2,-1.03209369308428
17,2,2016-09-24,6,Dark,Outer,No,Female,1172.7,0.2936303329860722,17-2,-0.8846517369293828
17,2,2016-09-24,7,Dark,Outer,No,Female,1172.7,0.2936303329860722,17-2,-0.7372097807744856
17,2,2016-09-24,8,Dark,Outer,No,Female,1172.7,0.2936303329860722,17-2,-0.5897678246195885
17,2,2016-09-24,9,Light,Outer,No,Female,1172.7,0.2936303329860722,17-2,-0.4423258684646914
17,2,2016-09-24,10,Dark,Outer,No,Female,1172.7,0.2936303329860722,17-2,-0.29488391230979427
17,2,2016-09-24,11,Dark,Outer,No,Female,1172.7,0.2936303329860722,17-2,-0.14744195615489714
17,2,2016-09-24,12,Dark,Outer,No,Female,1172.7,0.2936303329860722,17-2,0
17,2,2016-09-24,13,Dark,Outer,No,Female,1172.7,0.2936303329860722,17-2,0.14744195615489714
17,2,2016-09-24,14,Dark,Outer,No,Female,1172.7,0.2936303329860722,17-2,0.29488391230979427
17,2,2016-09-24,15,Dark,Outer,No,Female,1172.7,0.2936303329860722,17-2,0.4423258684646914
17,2,2016-09-24,16,Dark,Outer,No,Female,1172.7,0.2936303329860722,17-2,0.5897678246195885
17,2,2016-09-24,17,Dark,Outer,No,Female,1172.7,0.2936303329860722,17-2,0.7372097807744856
17,2,2016-09-24,18,Dark,Outer,No,Female,1172.7,0.2936303329860722,17-2,0.8846517369293828
17,2,2016-09-24,19,Dark,Outer,No,Female,1172.7,0.2936303329860722,17-2,1.03209369308428
17,2,2016-09-24,20,Dark,Outer,No,Female,1172.7,0.2936303329860722,17-2,1.179535649239177
17,2,2016-09-24,21,Dark,Outer,No,Female,1172.7,0.2936303329860722,17-2,1.3269776053940743
17,2,2016-09-24,22,Dark,Outer,No,Female,1172.7,0.2936303329860722,17-2,1.4744195615489712
17,2,2016-09-24,23,Dark,Outer,No,Female,1172.7,0.2936303329860722,17-2,1.6218615177038684
18,2,2016-09-27,1,NA,NA,NA,Female,1182.9,0.3892876116976006,18-2,-1.6218615177038684
18,2,2016-09-27,2,NA,NA,NA,Female,1182.9,0.3892876116976006,18-2,-1.4744195615489712
18,2,2016-09-27,3,NA,NA,NA,Female,1182.9,0.3892876116976006,18-2,-1.3269776053940743
18,2,2016-09-27,4,Dark,Outer,No,Female,1182.9,0.3892876116976006,18-2,-1.179535649239177
18,2,2016-09-27,5,Dark,Inner,No,Female,1182.9,0.3892876116976006,18-2,-1.03209369308428
18,2,2016-09-27,6,Dark,Inner,No,Female,1182.9,0.3892876116976006,18-2,-0.8846517369293828
18,2,2016-09-27,7,Light,Inner,No,Female,1182.9,0.3892876116976006,18-2,-0.7372097807744856
18,2,2016-09-27,8,Light,Inner,No,Female,1182.9,0.3892876116976006,18-2,-0.5897678246195885
18,2,2016-09-27,9,Dark,Inner,No,Female,1182.9,0.3892876116976006,18-2,-0.4423258684646914
18,2,2016-09-27,10,Dark,Outer,No,Female,1182.9,0.3892876116976006,18-2,-0.29488391230979427
18,2,2016-09-27,11,Dark,Inner,Yes,Female,1182.9,0.3892876116976006,18-2,-0.14744195615489714
18,2,2016-09-27,12,Dark,Inner,Yes,Female,1182.9,0.3892876116976006,18-2,0
18,2,2016-09-27,13,Dark,Inner,Yes,Female,1182.9,0.3892876116976006,18-2,0.14744195615489714
18,2,2016-09-27,14,Dark,Inner,Yes,Female,1182.9,0.3892876116976006,18-2,0.29488391230979427
18,2,2016-09-27,15,Dark,Inner,No,Female,1182.9,0.3892876116976006,18-2,0.4423258684646914
18,2,2016-09-27,16,Dark,Inner,Yes,Female,1182.9,0.3892876116976006,18-2,0.5897678246195885
18,2,2016-09-27,17,Dark,Inner,Yes,Female,1182.9,0.3892876116976006,18-2,0.7372097807744856
18,2,2016-09-27,18,Dark,Inner,Yes,Female,1182.9,0.3892876116976006,18-2,0.8846517369293828
18,2,2016-09-27,19,Dark,Inner,Yes,Female,1182.9,0.3892876116976006,18-2,1.03209369308428
18,2,2016-09-27,20,Dark,Inner,Yes,Female,1182.9,0.3892876116976006,18-2,1.179535649239177
18,2,2016-09-27,21,Dark,Inner,Yes,Female,1182.9,0.3892876116976006,18-2,1.3269776053940743
18,2,2016-09-27,22,Dark,Inner,Yes,Female,1182.9,0.3892876116976006,18-2,1.4744195615489712
18,2,2016-09-27,23,Dark,Outer,No,Female,1182.9,0.3892876116976006,18-2,1.6218615177038684
19,2,2016-09-28,1,Dark,Outer,No,Male,968,-1.6260799564501813,19-2,-1.6218615177038684
19,2,2016-09-28,2,Dark,Outer,No,Male,968,-1.6260799564501813,19-2,-1.4744195615489712
19,2,2016-09-28,3,Dark,Outer,No,Male,968,-1.6260799564501813,19-2,-1.3269776053940743
19,2,2016-09-28,4,Dark,Outer,No,Male,968,-1.6260799564501813,19-2,-1.179535649239177
19,2,2016-09-28,5,Dark,Outer,No,Male,968,-1.6260799564501813,19-2,-1.03209369308428
19,2,2016-09-28,6,Dark,Outer,No,Male,968,-1.6260799564501813,19-2,-0.8846517369293828
19,2,2016-09-28,7,Dark,Outer,No,Male,968,-1.6260799564501813,19-2,-0.7372097807744856
19,2,2016-09-28,8,Dark,Outer,No,Male,968,-1.6260799564501813,19-2,-0.5897678246195885
19,2,2016-09-28,9,Dark,Outer,No,Male,968,-1.6260799564501813,19-2,-0.4423258684646914
19,2,2016-09-28,10,Dark,Outer,No,Male,968,-1.6260799564501813,19-2,-0.29488391230979427
19,2,2016-09-28,11,Dark,Outer,No,Male,968,-1.6260799564501813,19-2,-0.14744195615489714
19,2,2016-09-28,12,Dark,Outer,No,Male,968,-1.6260799564501813,19-2,0
19,2,2016-09-28,13,Dark,Outer,No,Male,968,-1.6260799564501813,19-2,0.14744195615489714
19,2,2016-09-28,14,Dark,Outer,No,Male,968,-1.6260799564501813,19-2,0.29488391230979427
19,2,2016-09-28,15,Dark,Outer,No,Male,968,-1.6260799564501813,19-2,0.4423258684646914
19,2,2016-09-28,16,Dark,Outer,No,Male,968,-1.6260799564501813,19-2,0.5897678246195885
19,2,2016-09-28,17,Dark,Outer,No,Male,968,-1.6260799564501813,19-2,0.7372097807744856
19,2,2016-09-28,18,Dark,Outer,No,Male,968,-1.6260799564501813,19-2,0.8846517369293828
19,2,2016-09-28,19,Dark,Outer,No,Male,968,-1.6260799564501813,19-2,1.03209369308428
19,2,2016-09-28,20,Dark,Inner,No,Male,968,-1.6260799564501813,19-2,1.179535649239177
19,2,2016-09-28,21,Dark,Outer,No,Male,968,-1.6260799564501813,19-2,1.3269776053940743
19,2,2016-09-28,22,Dark,Outer,No,Male,968,-1.6260799564501813,19-2,1.4744195615489712
19,2,2016-09-28,23,Dark,Outer,No,Male,968,-1.6260799564501813,19-2,1.6218615177038684
20,2,2016-09-29,1,Dark,Outer,No,Male,1156.4,0.14076625033921905,20-2,-1.6218615177038684
20,2,2016-09-29,2,Dark,Outer,No,Male,1156.4,0.14076625033921905,20-2,-1.4744195615489712
20,2,2016-09-29,3,Dark,Inner,No,Male,1156.4,0.14076625033921905,20-2,-1.3269776053940743
20,2,2016-09-29,4,Dark,Outer,No,Male,1156.4,0.14076625033921905,20-2,-1.179535649239177
20,2,2016-09-29,5,Dark,Inner,No,Male,1156.4,0.14076625033921905,20-2,-1.03209369308428
20,2,2016-09-29,6,Dark,Outer,No,Male,1156.4,0.14076625033921905,20-2,-0.8846517369293828
20,2,2016-09-29,7,Dark,Outer,No,Male,1156.4,0.14076625033921905,20-2,-0.7372097807744856
20,2,2016-09-29,8,Dark,Outer,No,Male,1156.4,0.14076625033921905,20-2,-0.5897678246195885
20,2,2016-09-29,9,Dark,Outer,No,Male,1156.4,0.14076625033921905,20-2,-0.4423258684646914
20,2,2016-09-29,10,Dark,Outer,No,Male,1156.4,0.14076625033921905,20-2,-0.29488391230979427
20,2,2016-09-29,11,Dark,Outer,No,Male,1156.4,0.14076625033921905,20-2,-0.14744195615489714
20,2,2016-09-29,12,Dark,Outer,No,Male,1156.4,0.14076625033921905,20-2,0
20,2,2016-09-29,13,Dark,Outer,No,Male,1156.4,0.14076625033921905,20-2,0.14744195615489714
20,2,2016-09-29,14,Dark,Outer,No,Male,1156.4,0.14076625033921905,20-2,0.29488391230979427
20,2,2016-09-29,15,Dark,Outer,No,Male,1156.4,0.14076625033921905,20-2,0.4423258684646914
20,2,2016-09-29,16,Dark,Inner,Yes,Male,1156.4,0.14076625033921905,20-2,0.5897678246195885
20,2,2016-09-29,17,Dark,Outer,No,Male,1156.4,0.14076625033921905,20-2,0.7372097807744856
20,2,2016-09-29,18,Dark,Outer,No,Male,1156.4,0.14076625033921905,20-2,0.8846517369293828
20,2,2016-09-29,19,Dark,Outer,No,Male,1156.4,0.14076625033921905,20-2,1.03209369308428
20,2,2016-09-29,20,Dark,Outer,No,Male,1156.4,0.14076625033921905,20-2,1.179535649239177
20,2,2016-09-29,21,Dark,Outer,No,Male,1156.4,0.14076625033921905,20-2,1.3269776053940743
20,2,2016-09-29,22,Dark,Outer,No,Male,1156.4,0.14076625033921905,20-2,1.4744195615489712
20,2,2016-09-29,23,Dark,Outer,No,Male,1156.4,0.14076625033921905,20-2,1.6218615177038684
